Workbook

Sheet README
A1: DRCFJSP HPC results, rerun 2026-10 (doduo)
A3: CP reference (all comparisons): CP Optimizer 1 h on the HPC with the same resources as the other methods.
A4: LBBD variants (LBBD_CP, CP_LBBD_CP, LBBD_CP_TS, CP_LBBD_CP_TS): 3600 s, seed 1, 8 cores / 16 GB, tag Rerun_2026-10.
A5: TS_<it>_<min>_<bj> (6 configurations): seed 1, 8 cores / 16 GB (TS is single-threaded), tag Rerun_2026-10.
A6: FaF chain (FaF, FaFM, FaFMJ, FaFMx2, TS@FaF, TS@FaFM, TSN1@FaFM): seeds 1-5, 1 core / 4 GB, job 66273394.
A7: FaFMJ = FaFM with the TS neighbourhood package; FaFMx2 = FaFM_30_50_600 (doubled parameters); FaFMx3 = FaFM_45_75_900 (tripled parameters, run separately with the same resources); TS@FaF / TS@FaFM = TS with the same-seed FaF / FaFM wall time; TSN1@FaFM = TS framework with FaF's N1, same time.
A8: TSN1_2000_5_5, TSN1_10000_10_5: TS framework with FaF's neighbourhood N1, seed 1, 8 cores / 16 GB, job 66273395; compare with TS_2000_5_5 / TS_10000_10_5.
A10: Gap% = (UB - LB) / UB. RPD = (UB - best UB of CP and the four LBBD variants) / best. Q = Dev CP = (UB - CP UB) / CP UB. CPU Time = wall-clock seconds reported by the solver.
A11: Instance sets: WFJSP 1-24 (240), MK = Mk01-Mk10, DP = Dauzere_01a-12a. In the WFJSP / MK / DP tables, "Average (3 sets)" = mean of the three set averages and "Average (262 instances)" = mean over all 262 instances = (240*WFJSP + 10*MK + 12*DP) / 262.
A12: All schedules were validated against the instances (eligibility, durations, precedences, no overlaps on machines and workers, obj = makespan).
A13: Sheets: CPvsLBBD, TSvsF&F (summaries, formulas) | Exact Methods(_lit), TS(_lit), FaF (per instance) | FaF_runs (every chain / TSN1 run).

Sheet CPvsLBBD
A1: Optimality Gap (WFJSP)
A2: Instance set | B2: Scale | C2: CP | D2: LBBD_CP_TS | E2: LBBD_CP | F2: CP_LBBD_CP | G2: CP_LBBD_CP_TS
A3: wfjsp1 | B3: 5×3×3 | C3: =AVERAGE('Exact Methods'!$F3:$F12) | D3: =AVERAGE('Exact Methods'!$K3:$K12) | E3: =AVERAGE('Exact Methods'!$Q3:$Q12) | F3: =AVERAGE('Exact Methods'!$W3:$W12) | G3: =AVERAGE('Exact Methods'!$AC3:$AC12)
A4: wfjsp2 | B4: 7×3×3 | C4: =AVERAGE('Exact Methods'!$F13:$F22) | D4: =AVERAGE('Exact Methods'!$K13:$K22) | E4: =AVERAGE('Exact Methods'!$Q13:$Q22) | F4: =AVERAGE('Exact Methods'!$W13:$W22) | G4: =AVERAGE('Exact Methods'!$AC13:$AC22)
A5: wfjsp3 | B5: 7×4×4 | C5: =AVERAGE('Exact Methods'!$F23:$F32) | D5: =AVERAGE('Exact Methods'!$K23:$K32) | E5: =AVERAGE('Exact Methods'!$Q23:$Q32) | F5: =AVERAGE('Exact Methods'!$W23:$W32) | G5: =AVERAGE('Exact Methods'!$AC23:$AC32)
A6: wfjsp4 | B6: 10×5×5 | C6: =AVERAGE('Exact Methods'!$F33:$F42) | D6: =AVERAGE('Exact Methods'!$K33:$K42) | E6: =AVERAGE('Exact Methods'!$Q33:$Q42) | F6: =AVERAGE('Exact Methods'!$W33:$W42) | G6: =AVERAGE('Exact Methods'!$AC33:$AC42)
A7: wfjsp5 | B7: 10×5×5 | C7: =AVERAGE('Exact Methods'!$F43:$F52) | D7: =AVERAGE('Exact Methods'!$K43:$K52) | E7: =AVERAGE('Exact Methods'!$Q43:$Q52) | F7: =AVERAGE('Exact Methods'!$W43:$W52) | G7: =AVERAGE('Exact Methods'!$AC43:$AC52)
A8: wfjsp6 | B8: 12×5×5 | C8: =AVERAGE('Exact Methods'!$F53:$F62) | D8: =AVERAGE('Exact Methods'!$K53:$K62) | E8: =AVERAGE('Exact Methods'!$Q53:$Q62) | F8: =AVERAGE('Exact Methods'!$W53:$W62) | G8: =AVERAGE('Exact Methods'!$AC53:$AC62)
A9: wfjsp7 | B9: 12×5×5 | C9: =AVERAGE('Exact Methods'!$F63:$F72) | D9: =AVERAGE('Exact Methods'!$K63:$K72) | E9: =AVERAGE('Exact Methods'!$Q63:$Q72) | F9: =AVERAGE('Exact Methods'!$W63:$W72) | G9: =AVERAGE('Exact Methods'!$AC63:$AC72)
A10: wfjsp8 | B10: 15×5×5 | C10: =AVERAGE('Exact Methods'!$F73:$F82) | D10: =AVERAGE('Exact Methods'!$K73:$K82) | E10: =AVERAGE('Exact Methods'!$Q73:$Q82) | F10: =AVERAGE('Exact Methods'!$W73:$W82) | G10: =AVERAGE('Exact Methods'!$AC73:$AC82)
A11: wfjsp9 | B11: 15×5×5 | C11: =AVERAGE('Exact Methods'!$F83:$F92) | D11: =AVERAGE('Exact Methods'!$K83:$K92) | E11: =AVERAGE('Exact Methods'!$Q83:$Q92) | F11: =AVERAGE('Exact Methods'!$W83:$W92) | G11: =AVERAGE('Exact Methods'!$AC83:$AC92)
A12: wfjsp10 | B12: 20×10×10 | C12: =AVERAGE('Exact Methods'!$F93:$F102) | D12: =AVERAGE('Exact Methods'!$K93:$K102) | E12: =AVERAGE('Exact Methods'!$Q93:$Q102) | F12: =AVERAGE('Exact Methods'!$W93:$W102) | G12: =AVERAGE('Exact Methods'!$AC93:$AC102)
A13: wfjsp11 | B13: 20×10×10 | C13: =AVERAGE('Exact Methods'!$F103:$F112) | D13: =AVERAGE('Exact Methods'!$K103:$K112) | E13: =AVERAGE('Exact Methods'!$Q103:$Q112) | F13: =AVERAGE('Exact Methods'!$W103:$W112) | G13: =AVERAGE('Exact Methods'!$AC103:$AC112)
A14: wfjsp12 | B14: 25×10×10 | C14: =AVERAGE('Exact Methods'!$F113:$F122) | D14: =AVERAGE('Exact Methods'!$K113:$K122) | E14: =AVERAGE('Exact Methods'!$Q113:$Q122) | F14: =AVERAGE('Exact Methods'!$W113:$W122) | G14: =AVERAGE('Exact Methods'!$AC113:$AC122)
A15: wfjsp13 | B15: 25×15×15 | C15: =AVERAGE('Exact Methods'!$F123:$F132) | D15: =AVERAGE('Exact Methods'!$K123:$K132) | E15: =AVERAGE('Exact Methods'!$Q123:$Q132) | F15: =AVERAGE('Exact Methods'!$W123:$W132) | G15: =AVERAGE('Exact Methods'!$AC123:$AC132)
A16: wfjsp14 | B16: 30×15×15 | C16: =AVERAGE('Exact Methods'!$F133:$F142) | D16: =AVERAGE('Exact Methods'!$K133:$K142) | E16: =AVERAGE('Exact Methods'!$Q133:$Q142) | F16: =AVERAGE('Exact Methods'!$W133:$W142) | G16: =AVERAGE('Exact Methods'!$AC133:$AC142)
A17: wfjsp15 | B17: 30×15×15 | C17: =AVERAGE('Exact Methods'!$F143:$F152) | D17: =AVERAGE('Exact Methods'!$K143:$K152) | E17: =AVERAGE('Exact Methods'!$Q143:$Q152) | F17: =AVERAGE('Exact Methods'!$W143:$W152) | G17: =AVERAGE('Exact Methods'!$AC143:$AC152)
A18: wfjsp16 | B18: 40×15×15 | C18: =AVERAGE('Exact Methods'!$F153:$F162) | D18: =AVERAGE('Exact Methods'!$K153:$K162) | E18: =AVERAGE('Exact Methods'!$Q153:$Q162) | F18: =AVERAGE('Exact Methods'!$W153:$W162) | G18: =AVERAGE('Exact Methods'!$AC153:$AC162)
A19: wfjsp17 | B19: 15×5×4 | C19: =AVERAGE('Exact Methods'!$F163:$F172) | D19: =AVERAGE('Exact Methods'!$K163:$K172) | E19: =AVERAGE('Exact Methods'!$Q163:$Q172) | F19: =AVERAGE('Exact Methods'!$W163:$W172) | G19: =AVERAGE('Exact Methods'!$AC163:$AC172)
A20: wfjsp18 | B20: 20×10×8 | C20: =AVERAGE('Exact Methods'!$F173:$F182) | D20: =AVERAGE('Exact Methods'!$K173:$K182) | E20: =AVERAGE('Exact Methods'!$Q173:$Q182) | F20: =AVERAGE('Exact Methods'!$W173:$W182) | G20: =AVERAGE('Exact Methods'!$AC173:$AC182)
A21: wfjsp19 | B21: 20×10×8 | C21: =AVERAGE('Exact Methods'!$F183:$F192) | D21: =AVERAGE('Exact Methods'!$K183:$K192) | E21: =AVERAGE('Exact Methods'!$Q183:$Q192) | F21: =AVERAGE('Exact Methods'!$W183:$W192) | G21: =AVERAGE('Exact Methods'!$AC183:$AC192)
A22: wfjsp20 | B22: 25×10×8 | C22: =AVERAGE('Exact Methods'!$F193:$F202) | D22: =AVERAGE('Exact Methods'!$K193:$K202) | E22: =AVERAGE('Exact Methods'!$Q193:$Q202) | F22: =AVERAGE('Exact Methods'!$W193:$W202) | G22: =AVERAGE('Exact Methods'!$AC193:$AC202)
A23: wfjsp21 | B23: 25×15×12 | C23: =AVERAGE('Exact Methods'!$F203:$F212) | D23: =AVERAGE('Exact Methods'!$K203:$K212) | E23: =AVERAGE('Exact Methods'!$Q203:$Q212) | F23: =AVERAGE('Exact Methods'!$W203:$W212) | G23: =AVERAGE('Exact Methods'!$AC203:$AC212)
A24: wfjsp22 | B24: 30×15×12 | C24: =AVERAGE('Exact Methods'!$F213:$F222) | D24: =AVERAGE('Exact Methods'!$K213:$K222) | E24: =AVERAGE('Exact Methods'!$Q213:$Q222) | F24: =AVERAGE('Exact Methods'!$W213:$W222) | G24: =AVERAGE('Exact Methods'!$AC213:$AC222)
A25: wfjsp23 | B25: 30×15×12 | C25: =AVERAGE('Exact Methods'!$F223:$F232) | D25: =AVERAGE('Exact Methods'!$K223:$K232) | E25: =AVERAGE('Exact Methods'!$Q223:$Q232) | F25: =AVERAGE('Exact Methods'!$W223:$W232) | G25: =AVERAGE('Exact Methods'!$AC223:$AC232)
A26: wfjsp24 | B26: 40×15×12 | C26: =AVERAGE('Exact Methods'!$F233:$F242) | D26: =AVERAGE('Exact Methods'!$K233:$K242) | E26: =AVERAGE('Exact Methods'!$Q233:$Q242) | F26: =AVERAGE('Exact Methods'!$W233:$W242) | G26: =AVERAGE('Exact Methods'!$AC233:$AC242)
A27: Average | C27: =AVERAGE(C3:C26) | D27: =AVERAGE(D3:D26) | E27: =AVERAGE(E3:E26) | F27: =AVERAGE(F3:F26) | G27: =AVERAGE(G3:G26)
A30: Number of optimal solutions (Gap = 0)
A31: Instance set | B31: Scale | C31: CP | D31: LBBD_CP_TS | E31: LBBD_CP | F31: CP_LBBD_CP | G31: CP_LBBD_CP_TS
A32: wfjsp1 | B32: 5×3×3 | C32: =COUNTIF('Exact Methods'!F3:F12,0) | D32: =COUNTIF('Exact Methods'!K3:K12,0) | E32: =COUNTIF('Exact Methods'!Q3:Q12,0) | F32: =COUNTIF('Exact Methods'!W3:W12,0) | G32: =COUNTIF('Exact Methods'!AC3:AC12,0)
A33: wfjsp2 | B33: 7×3×3 | C33: =COUNTIF('Exact Methods'!F13:F22,0) | D33: =COUNTIF('Exact Methods'!K13:K22,0) | E33: =COUNTIF('Exact Methods'!Q13:Q22,0) | F33: =COUNTIF('Exact Methods'!W13:W22,0) | G33: =COUNTIF('Exact Methods'!AC13:AC22,0)
A34: wfjsp3 | B34: 7×4×4 | C34: =COUNTIF('Exact Methods'!F23:F32,0) | D34: =COUNTIF('Exact Methods'!K23:K32,0) | E34: =COUNTIF('Exact Methods'!Q23:Q32,0) | F34: =COUNTIF('Exact Methods'!W23:W32,0) | G34: =COUNTIF('Exact Methods'!AC23:AC32,0)
A35: wfjsp4 | B35: 10×5×5 | C35: =COUNTIF('Exact Methods'!F33:F42,0) | D35: =COUNTIF('Exact Methods'!K33:K42,0) | E35: =COUNTIF('Exact Methods'!Q33:Q42,0) | F35: =COUNTIF('Exact Methods'!W33:W42,0) | G35: =COUNTIF('Exact Methods'!AC33:AC42,0)
A36: wfjsp5 | B36: 10×5×5 | C36: =COUNTIF('Exact Methods'!F43:F52,0) | D36: =COUNTIF('Exact Methods'!K43:K52,0) | E36: =COUNTIF('Exact Methods'!Q43:Q52,0) | F36: =COUNTIF('Exact Methods'!W43:W52,0) | G36: =COUNTIF('Exact Methods'!AC43:AC52,0)
A37: wfjsp6 | B37: 12×5×5 | C37: =COUNTIF('Exact Methods'!F53:F62,0) | D37: =COUNTIF('Exact Methods'!K53:K62,0) | E37: =COUNTIF('Exact Methods'!Q53:Q62,0) | F37: =COUNTIF('Exact Methods'!W53:W62,0) | G37: =COUNTIF('Exact Methods'!AC53:AC62,0)
A38: wfjsp7 | B38: 12×5×5 | C38: =COUNTIF('Exact Methods'!F63:F72,0) | D38: =COUNTIF('Exact Methods'!K63:K72,0) | E38: =COUNTIF('Exact Methods'!Q63:Q72,0) | F38: =COUNTIF('Exact Methods'!W63:W72,0) | G38: =COUNTIF('Exact Methods'!AC63:AC72,0)
A39: wfjsp8 | B39: 15×5×5 | C39: =COUNTIF('Exact Methods'!F73:F82,0) | D39: =COUNTIF('Exact Methods'!K73:K82,0) | E39: =COUNTIF('Exact Methods'!Q73:Q82,0) | F39: =COUNTIF('Exact Methods'!W73:W82,0) | G39: =COUNTIF('Exact Methods'!AC73:AC82,0)
A40: wfjsp9 | B40: 15×5×5 | C40: =COUNTIF('Exact Methods'!F83:F92,0) | D40: =COUNTIF('Exact Methods'!K83:K92,0) | E40: =COUNTIF('Exact Methods'!Q83:Q92,0) | F40: =COUNTIF('Exact Methods'!W83:W92,0) | G40: =COUNTIF('Exact Methods'!AC83:AC92,0)
A41: wfjsp10 | B41: 20×10×10 | C41: =COUNTIF('Exact Methods'!F93:F102,0) | D41: =COUNTIF('Exact Methods'!K93:K102,0) | E41: =COUNTIF('Exact Methods'!Q93:Q102,0) | F41: =COUNTIF('Exact Methods'!W93:W102,0) | G41: =COUNTIF('Exact Methods'!AC93:AC102,0)
A42: wfjsp11 | B42: 20×10×10 | C42: =COUNTIF('Exact Methods'!F103:F112,0) | D42: =COUNTIF('Exact Methods'!K103:K112,0) | E42: =COUNTIF('Exact Methods'!Q103:Q112,0) | F42: =COUNTIF('Exact Methods'!W103:W112,0) | G42: =COUNTIF('Exact Methods'!AC103:AC112,0)
A43: wfjsp12 | B43: 25×10×10 | C43: =COUNTIF('Exact Methods'!F113:F122,0) | D43: =COUNTIF('Exact Methods'!K113:K122,0) | E43: =COUNTIF('Exact Methods'!Q113:Q122,0) | F43: =COUNTIF('Exact Methods'!W113:W122,0) | G43: =COUNTIF('Exact Methods'!AC113:AC122,0)
A44: wfjsp13 | B44: 25×15×15 | C44: =COUNTIF('Exact Methods'!F123:F132,0) | D44: =COUNTIF('Exact Methods'!K123:K132,0) | E44: =COUNTIF('Exact Methods'!Q123:Q132,0) | F44: =COUNTIF('Exact Methods'!W123:W132,0) | G44: =COUNTIF('Exact Methods'!AC123:AC132,0)
A45: wfjsp14 | B45: 30×15×15 | C45: =COUNTIF('Exact Methods'!F133:F142,0) | D45: =COUNTIF('Exact Methods'!K133:K142,0) | E45: =COUNTIF('Exact Methods'!Q133:Q142,0) | F45: =COUNTIF('Exact Methods'!W133:W142,0) | G45: =COUNTIF('Exact Methods'!AC133:AC142,0)
A46: wfjsp15 | B46: 30×15×15 | C46: =COUNTIF('Exact Methods'!F143:F152,0) | D46: =COUNTIF('Exact Methods'!K143:K152,0) | E46: =COUNTIF('Exact Methods'!Q143:Q152,0) | F46: =COUNTIF('Exact Methods'!W143:W152,0) | G46: =COUNTIF('Exact Methods'!AC143:AC152,0)
A47: wfjsp16 | B47: 40×15×15 | C47: =COUNTIF('Exact Methods'!F153:F162,0) | D47: =COUNTIF('Exact Methods'!K153:K162,0) | E47: =COUNTIF('Exact Methods'!Q153:Q162,0) | F47: =COUNTIF('Exact Methods'!W153:W162,0) | G47: =COUNTIF('Exact Methods'!AC153:AC162,0)
A48: wfjsp17 | B48: 15×5×4 | C48: =COUNTIF('Exact Methods'!F163:F172,0) | D48: =COUNTIF('Exact Methods'!K163:K172,0) | E48: =COUNTIF('Exact Methods'!Q163:Q172,0) | F48: =COUNTIF('Exact Methods'!W163:W172,0) | G48: =COUNTIF('Exact Methods'!AC163:AC172,0)
A49: wfjsp18 | B49: 20×10×8 | C49: =COUNTIF('Exact Methods'!F173:F182,0) | D49: =COUNTIF('Exact Methods'!K173:K182,0) | E49: =COUNTIF('Exact Methods'!Q173:Q182,0) | F49: =COUNTIF('Exact Methods'!W173:W182,0) | G49: =COUNTIF('Exact Methods'!AC173:AC182,0)
A50: wfjsp19 | B50: 20×10×8 | C50: =COUNTIF('Exact Methods'!F183:F192,0) | D50: =COUNTIF('Exact Methods'!K183:K192,0) | E50: =COUNTIF('Exact Methods'!Q183:Q192,0) | F50: =COUNTIF('Exact Methods'!W183:W192,0) | G50: =COUNTIF('Exact Methods'!AC183:AC192,0)
A51: wfjsp20 | B51: 25×10×8 | C51: =COUNTIF('Exact Methods'!F193:F202,0) | D51: =COUNTIF('Exact Methods'!K193:K202,0) | E51: =COUNTIF('Exact Methods'!Q193:Q202,0) | F51: =COUNTIF('Exact Methods'!W193:W202,0) | G51: =COUNTIF('Exact Methods'!AC193:AC202,0)
A52: wfjsp21 | B52: 25×15×12 | C52: =COUNTIF('Exact Methods'!F203:F212,0) | D52: =COUNTIF('Exact Methods'!K203:K212,0) | E52: =COUNTIF('Exact Methods'!Q203:Q212,0) | F52: =COUNTIF('Exact Methods'!W203:W212,0) | G52: =COUNTIF('Exact Methods'!AC203:AC212,0)
A53: wfjsp22 | B53: 30×15×12 | C53: =COUNTIF('Exact Methods'!F213:F222,0) | D53: =COUNTIF('Exact Methods'!K213:K222,0) | E53: =COUNTIF('Exact Methods'!Q213:Q222,0) | F53: =COUNTIF('Exact Methods'!W213:W222,0) | G53: =COUNTIF('Exact Methods'!AC213:AC222,0)
A54: wfjsp23 | B54: 30×15×12 | C54: =COUNTIF('Exact Methods'!F223:F232,0) | D54: =COUNTIF('Exact Methods'!K223:K232,0) | E54: =COUNTIF('Exact Methods'!Q223:Q232,0) | F54: =COUNTIF('Exact Methods'!W223:W232,0) | G54: =COUNTIF('Exact Methods'!AC223:AC232,0)
A55: wfjsp24 | B55: 40×15×12 | C55: =COUNTIF('Exact Methods'!F233:F242,0) | D55: =COUNTIF('Exact Methods'!K233:K242,0) | E55: =COUNTIF('Exact Methods'!Q233:Q242,0) | F55: =COUNTIF('Exact Methods'!W233:W242,0) | G55: =COUNTIF('Exact Methods'!AC233:AC242,0)
A56: Total | C56: =SUM(C32:C55) | D56: =SUM(D32:D55) | E56: =SUM(E32:E55) | F56: =SUM(F32:F55) | G56: =SUM(G32:G55)
A59: RPD (to the best UB of the exact methods)
A60: Instance set | B60: Scale | C60: CP | D60: LBBD_CP_TS | E60: LBBD_CP | F60: CP_LBBD_CP | G60: CP_LBBD_CP_TS
A61: wfjsp1 | B61: 5×3×3 | C61: =AVERAGE('Exact Methods'!G3:G12) | D61: =AVERAGE('Exact Methods'!L3:L12) | E61: =AVERAGE('Exact Methods'!R3:R12) | F61: =AVERAGE('Exact Methods'!X3:X12) | G61: =AVERAGE('Exact Methods'!AD3:AD12)
A62: wfjsp2 | B62: 7×3×3 | C62: =AVERAGE('Exact Methods'!G13:G22) | D62: =AVERAGE('Exact Methods'!L13:L22) | E62: =AVERAGE('Exact Methods'!R13:R22) | F62: =AVERAGE('Exact Methods'!X13:X22) | G62: =AVERAGE('Exact Methods'!AD13:AD22)
A63: wfjsp3 | B63: 7×4×4 | C63: =AVERAGE('Exact Methods'!G23:G32) | D63: =AVERAGE('Exact Methods'!L23:L32) | E63: =AVERAGE('Exact Methods'!R23:R32) | F63: =AVERAGE('Exact Methods'!X23:X32) | G63: =AVERAGE('Exact Methods'!AD23:AD32)
A64: wfjsp4 | B64: 10×5×5 | C64: =AVERAGE('Exact Methods'!G33:G42) | D64: =AVERAGE('Exact Methods'!L33:L42) | E64: =AVERAGE('Exact Methods'!R33:R42) | F64: =AVERAGE('Exact Methods'!X33:X42) | G64: =AVERAGE('Exact Methods'!AD33:AD42)
A65: wfjsp5 | B65: 10×5×5 | C65: =AVERAGE('Exact Methods'!G43:G52) | D65: =AVERAGE('Exact Methods'!L43:L52) | E65: =AVERAGE('Exact Methods'!R43:R52) | F65: =AVERAGE('Exact Methods'!X43:X52) | G65: =AVERAGE('Exact Methods'!AD43:AD52)
A66: wfjsp6 | B66: 12×5×5 | C66: =AVERAGE('Exact Methods'!G53:G62) | D66: =AVERAGE('Exact Methods'!L53:L62) | E66: =AVERAGE('Exact Methods'!R53:R62) | F66: =AVERAGE('Exact Methods'!X53:X62) | G66: =AVERAGE('Exact Methods'!AD53:AD62)
A67: wfjsp7 | B67: 12×5×5 | C67: =AVERAGE('Exact Methods'!G63:G72) | D67: =AVERAGE('Exact Methods'!L63:L72) | E67: =AVERAGE('Exact Methods'!R63:R72) | F67: =AVERAGE('Exact Methods'!X63:X72) | G67: =AVERAGE('Exact Methods'!AD63:AD72)
A68: wfjsp8 | B68: 15×5×5 | C68: =AVERAGE('Exact Methods'!G73:G82) | D68: =AVERAGE('Exact Methods'!L73:L82) | E68: =AVERAGE('Exact Methods'!R73:R82) | F68: =AVERAGE('Exact Methods'!X73:X82) | G68: =AVERAGE('Exact Methods'!AD73:AD82)
A69: wfjsp9 | B69: 15×5×5 | C69: =AVERAGE('Exact Methods'!G83:G92) | D69: =AVERAGE('Exact Methods'!L83:L92) | E69: =AVERAGE('Exact Methods'!R83:R92) | F69: =AVERAGE('Exact Methods'!X83:X92) | G69: =AVERAGE('Exact Methods'!AD83:AD92)
A70: wfjsp10 | B70: 20×10×10 | C70: =AVERAGE('Exact Methods'!G93:G102) | D70: =AVERAGE('Exact Methods'!L93:L102) | E70: =AVERAGE('Exact Methods'!R93:R102) | F70: =AVERAGE('Exact Methods'!X93:X102) | G70: =AVERAGE('Exact Methods'!AD93:AD102)
A71: wfjsp11 | B71: 20×10×10 | C71: =AVERAGE('Exact Methods'!G103:G112) | D71: =AVERAGE('Exact Methods'!L103:L112) | E71: =AVERAGE('Exact Methods'!R103:R112) | F71: =AVERAGE('Exact Methods'!X103:X112) | G71: =AVERAGE('Exact Methods'!AD103:AD112)
A72: wfjsp12 | B72: 25×10×10 | C72: =AVERAGE('Exact Methods'!G113:G122) | D72: =AVERAGE('Exact Methods'!L113:L122) | E72: =AVERAGE('Exact Methods'!R113:R122) | F72: =AVERAGE('Exact Methods'!X113:X122) | G72: =AVERAGE('Exact Methods'!AD113:AD122)
A73: wfjsp13 | B73: 25×15×15 | C73: =AVERAGE('Exact Methods'!G123:G132) | D73: =AVERAGE('Exact Methods'!L123:L132) | E73: =AVERAGE('Exact Methods'!R123:R132) | F73: =AVERAGE('Exact Methods'!X123:X132) | G73: =AVERAGE('Exact Methods'!AD123:AD132)
A74: wfjsp14 | B74: 30×15×15 | C74: =AVERAGE('Exact Methods'!G133:G142) | D74: =AVERAGE('Exact Methods'!L133:L142) | E74: =AVERAGE('Exact Methods'!R133:R142) | F74: =AVERAGE('Exact Methods'!X133:X142) | G74: =AVERAGE('Exact Methods'!AD133:AD142)
A75: wfjsp15 | B75: 30×15×15 | C75: =AVERAGE('Exact Methods'!G143:G152) | D75: =AVERAGE('Exact Methods'!L143:L152) | E75: =AVERAGE('Exact Methods'!R143:R152) | F75: =AVERAGE('Exact Methods'!X143:X152) | G75: =AVERAGE('Exact Methods'!AD143:AD152)
A76: wfjsp16 | B76: 40×15×15 | C76: =AVERAGE('Exact Methods'!G153:G162) | D76: =AVERAGE('Exact Methods'!L153:L162) | E76: =AVERAGE('Exact Methods'!R153:R162) | F76: =AVERAGE('Exact Methods'!X153:X162) | G76: =AVERAGE('Exact Methods'!AD153:AD162)
A77: wfjsp17 | B77: 15×5×4 | C77: =AVERAGE('Exact Methods'!G163:G172) | D77: =AVERAGE('Exact Methods'!L163:L172) | E77: =AVERAGE('Exact Methods'!R163:R172) | F77: =AVERAGE('Exact Methods'!X163:X172) | G77: =AVERAGE('Exact Methods'!AD163:AD172)
A78: wfjsp18 | B78: 20×10×8 | C78: =AVERAGE('Exact Methods'!G173:G182) | D78: =AVERAGE('Exact Methods'!L173:L182) | E78: =AVERAGE('Exact Methods'!R173:R182) | F78: =AVERAGE('Exact Methods'!X173:X182) | G78: =AVERAGE('Exact Methods'!AD173:AD182)
A79: wfjsp19 | B79: 20×10×8 | C79: =AVERAGE('Exact Methods'!G183:G192) | D79: =AVERAGE('Exact Methods'!L183:L192) | E79: =AVERAGE('Exact Methods'!R183:R192) | F79: =AVERAGE('Exact Methods'!X183:X192) | G79: =AVERAGE('Exact Methods'!AD183:AD192)
A80: wfjsp20 | B80: 25×10×8 | C80: =AVERAGE('Exact Methods'!G193:G202) | D80: =AVERAGE('Exact Methods'!L193:L202) | E80: =AVERAGE('Exact Methods'!R193:R202) | F80: =AVERAGE('Exact Methods'!X193:X202) | G80: =AVERAGE('Exact Methods'!AD193:AD202)
A81: wfjsp21 | B81: 25×15×12 | C81: =AVERAGE('Exact Methods'!G203:G212) | D81: =AVERAGE('Exact Methods'!L203:L212) | E81: =AVERAGE('Exact Methods'!R203:R212) | F81: =AVERAGE('Exact Methods'!X203:X212) | G81: =AVERAGE('Exact Methods'!AD203:AD212)
A82: wfjsp22 | B82: 30×15×12 | C82: =AVERAGE('Exact Methods'!G213:G222) | D82: =AVERAGE('Exact Methods'!L213:L222) | E82: =AVERAGE('Exact Methods'!R213:R222) | F82: =AVERAGE('Exact Methods'!X213:X222) | G82: =AVERAGE('Exact Methods'!AD213:AD222)
A83: wfjsp23 | B83: 30×15×12 | C83: =AVERAGE('Exact Methods'!G223:G232) | D83: =AVERAGE('Exact Methods'!L223:L232) | E83: =AVERAGE('Exact Methods'!R223:R232) | F83: =AVERAGE('Exact Methods'!X223:X232) | G83: =AVERAGE('Exact Methods'!AD223:AD232)
A84: wfjsp24 | B84: 40×15×12 | C84: =AVERAGE('Exact Methods'!G233:G242) | D84: =AVERAGE('Exact Methods'!L233:L242) | E84: =AVERAGE('Exact Methods'!R233:R242) | F84: =AVERAGE('Exact Methods'!X233:X242) | G84: =AVERAGE('Exact Methods'!AD233:AD242)
A85: Average | C85: =AVERAGE(C61:C84) | D85: =AVERAGE(D61:D84) | E85: =AVERAGE(E61:E84) | F85: =AVERAGE(F61:F84) | G85: =AVERAGE(G61:G84)
A88: Q: deviation of the UB from CP
A89: Instance set | B89: Scale | C89: LBBD_CP_TS | D89: LBBD_CP | E89: CP_LBBD_CP | F89: CP_LBBD_CP_TS
A90: wfjsp1 | B90: 5×3×3 | C90: =AVERAGE('Exact Methods'!M3:M12) | D90: =AVERAGE('Exact Methods'!S3:S12) | E90: =AVERAGE('Exact Methods'!Y3:Y12) | F90: =AVERAGE('Exact Methods'!AE3:AE12)
A91: wfjsp2 | B91: 7×3×3 | C91: =AVERAGE('Exact Methods'!M13:M22) | D91: =AVERAGE('Exact Methods'!S13:S22) | E91: =AVERAGE('Exact Methods'!Y13:Y22) | F91: =AVERAGE('Exact Methods'!AE13:AE22)
A92: wfjsp3 | B92: 7×4×4 | C92: =AVERAGE('Exact Methods'!M23:M32) | D92: =AVERAGE('Exact Methods'!S23:S32) | E92: =AVERAGE('Exact Methods'!Y23:Y32) | F92: =AVERAGE('Exact Methods'!AE23:AE32)
A93: wfjsp4 | B93: 10×5×5 | C93: =AVERAGE('Exact Methods'!M33:M42) | D93: =AVERAGE('Exact Methods'!S33:S42) | E93: =AVERAGE('Exact Methods'!Y33:Y42) | F93: =AVERAGE('Exact Methods'!AE33:AE42)
A94: wfjsp5 | B94: 10×5×5 | C94: =AVERAGE('Exact Methods'!M43:M52) | D94: =AVERAGE('Exact Methods'!S43:S52) | E94: =AVERAGE('Exact Methods'!Y43:Y52) | F94: =AVERAGE('Exact Methods'!AE43:AE52)
A95: wfjsp6 | B95: 12×5×5 | C95: =AVERAGE('Exact Methods'!M53:M62) | D95: =AVERAGE('Exact Methods'!S53:S62) | E95: =AVERAGE('Exact Methods'!Y53:Y62) | F95: =AVERAGE('Exact Methods'!AE53:AE62)
A96: wfjsp7 | B96: 12×5×5 | C96: =AVERAGE('Exact Methods'!M63:M72) | D96: =AVERAGE('Exact Methods'!S63:S72) | E96: =AVERAGE('Exact Methods'!Y63:Y72) | F96: =AVERAGE('Exact Methods'!AE63:AE72)
A97: wfjsp8 | B97: 15×5×5 | C97: =AVERAGE('Exact Methods'!M73:M82) | D97: =AVERAGE('Exact Methods'!S73:S82) | E97: =AVERAGE('Exact Methods'!Y73:Y82) | F97: =AVERAGE('Exact Methods'!AE73:AE82)
A98: wfjsp9 | B98: 15×5×5 | C98: =AVERAGE('Exact Methods'!M83:M92) | D98: =AVERAGE('Exact Methods'!S83:S92) | E98: =AVERAGE('Exact Methods'!Y83:Y92) | F98: =AVERAGE('Exact Methods'!AE83:AE92)
A99: wfjsp10 | B99: 20×10×10 | C99: =AVERAGE('Exact Methods'!M93:M102) | D99: =AVERAGE('Exact Methods'!S93:S102) | E99: =AVERAGE('Exact Methods'!Y93:Y102) | F99: =AVERAGE('Exact Methods'!AE93:AE102)
A100: wfjsp11 | B100: 20×10×10 | C100: =AVERAGE('Exact Methods'!M103:M112) | D100: =AVERAGE('Exact Methods'!S103:S112) | E100: =AVERAGE('Exact Methods'!Y103:Y112) | F100: =AVERAGE('Exact Methods'!AE103:AE112)
A101: wfjsp12 | B101: 25×10×10 | C101: =AVERAGE('Exact Methods'!M113:M122) | D101: =AVERAGE('Exact Methods'!S113:S122) | E101: =AVERAGE('Exact Methods'!Y113:Y122) | F101: =AVERAGE('Exact Methods'!AE113:AE122)
A102: wfjsp13 | B102: 25×15×15 | C102: =AVERAGE('Exact Methods'!M123:M132) | D102: =AVERAGE('Exact Methods'!S123:S132) | E102: =AVERAGE('Exact Methods'!Y123:Y132) | F102: =AVERAGE('Exact Methods'!AE123:AE132)
A103: wfjsp14 | B103: 30×15×15 | C103: =AVERAGE('Exact Methods'!M133:M142) | D103: =AVERAGE('Exact Methods'!S133:S142) | E103: =AVERAGE('Exact Methods'!Y133:Y142) | F103: =AVERAGE('Exact Methods'!AE133:AE142)
A104: wfjsp15 | B104: 30×15×15 | C104: =AVERAGE('Exact Methods'!M143:M152) | D104: =AVERAGE('Exact Methods'!S143:S152) | E104: =AVERAGE('Exact Methods'!Y143:Y152) | F104: =AVERAGE('Exact Methods'!AE143:AE152)
A105: wfjsp16 | B105: 40×15×15 | C105: =AVERAGE('Exact Methods'!M153:M162) | D105: =AVERAGE('Exact Methods'!S153:S162) | E105: =AVERAGE('Exact Methods'!Y153:Y162) | F105: =AVERAGE('Exact Methods'!AE153:AE162)
A106: wfjsp17 | B106: 15×5×4 | C106: =AVERAGE('Exact Methods'!M163:M172) | D106: =AVERAGE('Exact Methods'!S163:S172) | E106: =AVERAGE('Exact Methods'!Y163:Y172) | F106: =AVERAGE('Exact Methods'!AE163:AE172)
...

Sheet TSvsF&F
A1: Deviation from the CP solution (CP 1 h, HPC), WFJSP; FaF chain = mean over seeds 1-5, "Best" = per-instance best of the 5 seeds
A2: Instance set | B2: Scale | C2: TS_1000_2_5 | D2: TS_2000_5_5 | E2: TS_5000_5_5 | F2: TS_10000_10_5 | G2: TS_25000_15_10 | H2: TS_50000_30_20 | I2: FaF | J2: FaFM | K2: FaFMJ | L2: FaFMx2 | M2: TS@FaF | N2: TS@FaFM | O2: TSN1@FaFM | P2: FaF Best | Q2: FaFM Best | R2: TSN1_2000_5_5 | S2: TSN1_10000_10_5 | T2: FaFMx3
A3: wfjsp1 | B3: 5×3×3 | C3: =AVERAGE(TS!E3:E12) | D3: =AVERAGE(TS!H3:H12) | E3: =AVERAGE(TS!K3:K12) | F3: =AVERAGE(TS!N3:N12) | G3: =AVERAGE(TS!Q3:Q12) | H3: =AVERAGE(TS!T3:T12) | I3: =AVERAGE(FaF!G3:G12) | J3: =AVERAGE(FaF!L3:L12) | K3: =AVERAGE(FaF!Q3:Q12) | L3: =AVERAGE(FaF!V3:V12) | M3: =AVERAGE(FaF!AA3:AA12) | N3: =AVERAGE(FaF!AF3:AF12) | O3: =AVERAGE(FaF!AK3:AK12) | P3: =AVERAGE(FaF!H3:H12) | Q3: =AVERAGE(FaF!M3:M12) | R3: =AVERAGE(FaF!AO3:AO12) | S3: =AVERAGE(FaF!AR3:AR12) | T3: =AVERAGE(FaF!AV3:AV12)
A4: wfjsp2 | B4: 7×3×3 | C4: =AVERAGE(TS!E13:E22) | D4: =AVERAGE(TS!H13:H22) | E4: =AVERAGE(TS!K13:K22) | F4: =AVERAGE(TS!N13:N22) | G4: =AVERAGE(TS!Q13:Q22) | H4: =AVERAGE(TS!T13:T22) | I4: =AVERAGE(FaF!G13:G22) | J4: =AVERAGE(FaF!L13:L22) | K4: =AVERAGE(FaF!Q13:Q22) | L4: =AVERAGE(FaF!V13:V22) | M4: =AVERAGE(FaF!AA13:AA22) | N4: =AVERAGE(FaF!AF13:AF22) | O4: =AVERAGE(FaF!AK13:AK22) | P4: =AVERAGE(FaF!H13:H22) | Q4: =AVERAGE(FaF!M13:M22) | R4: =AVERAGE(FaF!AO13:AO22) | S4: =AVERAGE(FaF!AR13:AR22) | T4: =AVERAGE(FaF!AV13:AV22)
A5: wfjsp3 | B5: 7×4×4 | C5: =AVERAGE(TS!E23:E32) | D5: =AVERAGE(TS!H23:H32) | E5: =AVERAGE(TS!K23:K32) | F5: =AVERAGE(TS!N23:N32) | G5: =AVERAGE(TS!Q23:Q32) | H5: =AVERAGE(TS!T23:T32) | I5: =AVERAGE(FaF!G23:G32) | J5: =AVERAGE(FaF!L23:L32) | K5: =AVERAGE(FaF!Q23:Q32) | L5: =AVERAGE(FaF!V23:V32) | M5: =AVERAGE(FaF!AA23:AA32) | N5: =AVERAGE(FaF!AF23:AF32) | O5: =AVERAGE(FaF!AK23:AK32) | P5: =AVERAGE(FaF!H23:H32) | Q5: =AVERAGE(FaF!M23:M32) | R5: =AVERAGE(FaF!AO23:AO32) | S5: =AVERAGE(FaF!AR23:AR32) | T5: =AVERAGE(FaF!AV23:AV32)
A6: wfjsp4 | B6: 10×5×5 | C6: =AVERAGE(TS!E33:E42) | D6: =AVERAGE(TS!H33:H42) | E6: =AVERAGE(TS!K33:K42) | F6: =AVERAGE(TS!N33:N42) | G6: =AVERAGE(TS!Q33:Q42) | H6: =AVERAGE(TS!T33:T42) | I6: =AVERAGE(FaF!G33:G42) | J6: =AVERAGE(FaF!L33:L42) | K6: =AVERAGE(FaF!Q33:Q42) | L6: =AVERAGE(FaF!V33:V42) | M6: =AVERAGE(FaF!AA33:AA42) | N6: =AVERAGE(FaF!AF33:AF42) | O6: =AVERAGE(FaF!AK33:AK42) | P6: =AVERAGE(FaF!H33:H42) | Q6: =AVERAGE(FaF!M33:M42) | R6: =AVERAGE(FaF!AO33:AO42) | S6: =AVERAGE(FaF!AR33:AR42) | T6: =AVERAGE(FaF!AV33:AV42)
A7: wfjsp5 | B7: 10×5×5 | C7: =AVERAGE(TS!E43:E52) | D7: =AVERAGE(TS!H43:H52) | E7: =AVERAGE(TS!K43:K52) | F7: =AVERAGE(TS!N43:N52) | G7: =AVERAGE(TS!Q43:Q52) | H7: =AVERAGE(TS!T43:T52) | I7: =AVERAGE(FaF!G43:G52) | J7: =AVERAGE(FaF!L43:L52) | K7: =AVERAGE(FaF!Q43:Q52) | L7: =AVERAGE(FaF!V43:V52) | M7: =AVERAGE(FaF!AA43:AA52) | N7: =AVERAGE(FaF!AF43:AF52) | O7: =AVERAGE(FaF!AK43:AK52) | P7: =AVERAGE(FaF!H43:H52) | Q7: =AVERAGE(FaF!M43:M52) | R7: =AVERAGE(FaF!AO43:AO52) | S7: =AVERAGE(FaF!AR43:AR52) | T7: =AVERAGE(FaF!AV43:AV52)
A8: wfjsp6 | B8: 12×5×5 | C8: =AVERAGE(TS!E53:E62) | D8: =AVERAGE(TS!H53:H62) | E8: =AVERAGE(TS!K53:K62) | F8: =AVERAGE(TS!N53:N62) | G8: =AVERAGE(TS!Q53:Q62) | H8: =AVERAGE(TS!T53:T62) | I8: =AVERAGE(FaF!G53:G62) | J8: =AVERAGE(FaF!L53:L62) | K8: =AVERAGE(FaF!Q53:Q62) | L8: =AVERAGE(FaF!V53:V62) | M8: =AVERAGE(FaF!AA53:AA62) | N8: =AVERAGE(FaF!AF53:AF62) | O8: =AVERAGE(FaF!AK53:AK62) | P8: =AVERAGE(FaF!H53:H62) | Q8: =AVERAGE(FaF!M53:M62) | R8: =AVERAGE(FaF!AO53:AO62) | S8: =AVERAGE(FaF!AR53:AR62) | T8: =AVERAGE(FaF!AV53:AV62)
A9: wfjsp7 | B9: 12×5×5 | C9: =AVERAGE(TS!E63:E72) | D9: =AVERAGE(TS!H63:H72) | E9: =AVERAGE(TS!K63:K72) | F9: =AVERAGE(TS!N63:N72) | G9: =AVERAGE(TS!Q63:Q72) | H9: =AVERAGE(TS!T63:T72) | I9: =AVERAGE(FaF!G63:G72) | J9: =AVERAGE(FaF!L63:L72) | K9: =AVERAGE(FaF!Q63:Q72) | L9: =AVERAGE(FaF!V63:V72) | M9: =AVERAGE(FaF!AA63:AA72) | N9: =AVERAGE(FaF!AF63:AF72) | O9: =AVERAGE(FaF!AK63:AK72) | P9: =AVERAGE(FaF!H63:H72) | Q9: =AVERAGE(FaF!M63:M72) | R9: =AVERAGE(FaF!AO63:AO72) | S9: =AVERAGE(FaF!AR63:AR72) | T9: =AVERAGE(FaF!AV63:AV72)
A10: wfjsp8 | B10: 15×5×5 | C10: =AVERAGE(TS!E73:E82) | D10: =AVERAGE(TS!H73:H82) | E10: =AVERAGE(TS!K73:K82) | F10: =AVERAGE(TS!N73:N82) | G10: =AVERAGE(TS!Q73:Q82) | H10: =AVERAGE(TS!T73:T82) | I10: =AVERAGE(FaF!G73:G82) | J10: =AVERAGE(FaF!L73:L82) | K10: =AVERAGE(FaF!Q73:Q82) | L10: =AVERAGE(FaF!V73:V82) | M10: =AVERAGE(FaF!AA73:AA82) | N10: =AVERAGE(FaF!AF73:AF82) | O10: =AVERAGE(FaF!AK73:AK82) | P10: =AVERAGE(FaF!H73:H82) | Q10: =AVERAGE(FaF!M73:M82) | R10: =AVERAGE(FaF!AO73:AO82) | S10: =AVERAGE(FaF!AR73:AR82) | T10: =AVERAGE(FaF!AV73:AV82)
A11: wfjsp9 | B11: 15×5×5 | C11: =AVERAGE(TS!E83:E92) | D11: =AVERAGE(TS!H83:H92) | E11: =AVERAGE(TS!K83:K92) | F11: =AVERAGE(TS!N83:N92) | G11: =AVERAGE(TS!Q83:Q92) | H11: =AVERAGE(TS!T83:T92) | I11: =AVERAGE(FaF!G83:G92) | J11: =AVERAGE(FaF!L83:L92) | K11: =AVERAGE(FaF!Q83:Q92) | L11: =AVERAGE(FaF!V83:V92) | M11: =AVERAGE(FaF!AA83:AA92) | N11: =AVERAGE(FaF!AF83:AF92) | O11: =AVERAGE(FaF!AK83:AK92) | P11: =AVERAGE(FaF!H83:H92) | Q11: =AVERAGE(FaF!M83:M92) | R11: =AVERAGE(FaF!AO83:AO92) | S11: =AVERAGE(FaF!AR83:AR92) | T11: =AVERAGE(FaF!AV83:AV92)
A12: wfjsp10 | B12: 20×10×10 | C12: =AVERAGE(TS!E93:E102) | D12: =AVERAGE(TS!H93:H102) | E12: =AVERAGE(TS!K93:K102) | F12: =AVERAGE(TS!N93:N102) | G12: =AVERAGE(TS!Q93:Q102) | H12: =AVERAGE(TS!T93:T102) | I12: =AVERAGE(FaF!G93:G102) | J12: =AVERAGE(FaF!L93:L102) | K12: =AVERAGE(FaF!Q93:Q102) | L12: =AVERAGE(FaF!V93:V102) | M12: =AVERAGE(FaF!AA93:AA102) | N12: =AVERAGE(FaF!AF93:AF102) | O12: =AVERAGE(FaF!AK93:AK102) | P12: =AVERAGE(FaF!H93:H102) | Q12: =AVERAGE(FaF!M93:M102) | R12: =AVERAGE(FaF!AO93:AO102) | S12: =AVERAGE(FaF!AR93:AR102) | T12: =AVERAGE(FaF!AV93:AV102)
A13: wfjsp11 | B13: 20×10×10 | C13: =AVERAGE(TS!E103:E112) | D13: =AVERAGE(TS!H103:H112) | E13: =AVERAGE(TS!K103:K112) | F13: =AVERAGE(TS!N103:N112) | G13: =AVERAGE(TS!Q103:Q112) | H13: =AVERAGE(TS!T103:T112) | I13: =AVERAGE(FaF!G103:G112) | J13: =AVERAGE(FaF!L103:L112) | K13: =AVERAGE(FaF!Q103:Q112) | L13: =AVERAGE(FaF!V103:V112) | M13: =AVERAGE(FaF!AA103:AA112) | N13: =AVERAGE(FaF!AF103:AF112) | O13: =AVERAGE(FaF!AK103:AK112) | P13: =AVERAGE(FaF!H103:H112) | Q13: =AVERAGE(FaF!M103:M112) | R13: =AVERAGE(FaF!AO103:AO112) | S13: =AVERAGE(FaF!AR103:AR112) | T13: =AVERAGE(FaF!AV103:AV112)
A14: wfjsp12 | B14: 25×10×10 | C14: =AVERAGE(TS!E113:E122) | D14: =AVERAGE(TS!H113:H122) | E14: =AVERAGE(TS!K113:K122) | F14: =AVERAGE(TS!N113:N122) | G14: =AVERAGE(TS!Q113:Q122) | H14: =AVERAGE(TS!T113:T122) | I14: =AVERAGE(FaF!G113:G122) | J14: =AVERAGE(FaF!L113:L122) | K14: =AVERAGE(FaF!Q113:Q122) | L14: =AVERAGE(FaF!V113:V122) | M14: =AVERAGE(FaF!AA113:AA122) | N14: =AVERAGE(FaF!AF113:AF122) | O14: =AVERAGE(FaF!AK113:AK122) | P14: =AVERAGE(FaF!H113:H122) | Q14: =AVERAGE(FaF!M113:M122) | R14: =AVERAGE(FaF!AO113:AO122) | S14: =AVERAGE(FaF!AR113:AR122) | T14: =AVERAGE(FaF!AV113:AV122)
A15: wfjsp13 | B15: 25×15×15 | C15: =AVERAGE(TS!E123:E132) | D15: =AVERAGE(TS!H123:H132) | E15: =AVERAGE(TS!K123:K132) | F15: =AVERAGE(TS!N123:N132) | G15: =AVERAGE(TS!Q123:Q132) | H15: =AVERAGE(TS!T123:T132) | I15: =AVERAGE(FaF!G123:G132) | J15: =AVERAGE(FaF!L123:L132) | K15: =AVERAGE(FaF!Q123:Q132) | L15: =AVERAGE(FaF!V123:V132) | M15: =AVERAGE(FaF!AA123:AA132) | N15: =AVERAGE(FaF!AF123:AF132) | O15: =AVERAGE(FaF!AK123:AK132) | P15: =AVERAGE(FaF!H123:H132) | Q15: =AVERAGE(FaF!M123:M132) | R15: =AVERAGE(FaF!AO123:AO132) | S15: =AVERAGE(FaF!AR123:AR132) | T15: =AVERAGE(FaF!AV123:AV132)
A16: wfjsp14 | B16: 30×15×15 | C16: =AVERAGE(TS!E133:E142) | D16: =AVERAGE(TS!H133:H142) | E16: =AVERAGE(TS!K133:K142) | F16: =AVERAGE(TS!N133:N142) | G16: =AVERAGE(TS!Q133:Q142) | H16: =AVERAGE(TS!T133:T142) | I16: =AVERAGE(FaF!G133:G142) | J16: =AVERAGE(FaF!L133:L142) | K16: =AVERAGE(FaF!Q133:Q142) | L16: =AVERAGE(FaF!V133:V142) | M16: =AVERAGE(FaF!AA133:AA142) | N16: =AVERAGE(FaF!AF133:AF142) | O16: =AVERAGE(FaF!AK133:AK142) | P16: =AVERAGE(FaF!H133:H142) | Q16: =AVERAGE(FaF!M133:M142) | R16: =AVERAGE(FaF!AO133:AO142) | S16: =AVERAGE(FaF!AR133:AR142) | T16: =AVERAGE(FaF!AV133:AV142)
A17: wfjsp15 | B17: 30×15×15 | C17: =AVERAGE(TS!E143:E152) | D17: =AVERAGE(TS!H143:H152) | E17: =AVERAGE(TS!K143:K152) | F17: =AVERAGE(TS!N143:N152) | G17: =AVERAGE(TS!Q143:Q152) | H17: =AVERAGE(TS!T143:T152) | I17: =AVERAGE(FaF!G143:G152) | J17: =AVERAGE(FaF!L143:L152) | K17: =AVERAGE(FaF!Q143:Q152) | L17: =AVERAGE(FaF!V143:V152) | M17: =AVERAGE(FaF!AA143:AA152) | N17: =AVERAGE(FaF!AF143:AF152) | O17: =AVERAGE(FaF!AK143:AK152) | P17: =AVERAGE(FaF!H143:H152) | Q17: =AVERAGE(FaF!M143:M152) | R17: =AVERAGE(FaF!AO143:AO152) | S17: =AVERAGE(FaF!AR143:AR152) | T17: =AVERAGE(FaF!AV143:AV152)
A18: wfjsp16 | B18: 40×15×15 | C18: =AVERAGE(TS!E153:E162) | D18: =AVERAGE(TS!H153:H162) | E18: =AVERAGE(TS!K153:K162) | F18: =AVERAGE(TS!N153:N162) | G18: =AVERAGE(TS!Q153:Q162) | H18: =AVERAGE(TS!T153:T162) | I18: =AVERAGE(FaF!G153:G162) | J18: =AVERAGE(FaF!L153:L162) | K18: =AVERAGE(FaF!Q153:Q162) | L18: =AVERAGE(FaF!V153:V162) | M18: =AVERAGE(FaF!AA153:AA162) | N18: =AVERAGE(FaF!AF153:AF162) | O18: =AVERAGE(FaF!AK153:AK162) | P18: =AVERAGE(FaF!H153:H162) | Q18: =AVERAGE(FaF!M153:M162) | R18: =AVERAGE(FaF!AO153:AO162) | S18: =AVERAGE(FaF!AR153:AR162) | T18: =AVERAGE(FaF!AV153:AV162)
A19: wfjsp17 | B19: 15×5×4 | C19: =AVERAGE(TS!E163:E172) | D19: =AVERAGE(TS!H163:H172) | E19: =AVERAGE(TS!K163:K172) | F19: =AVERAGE(TS!N163:N172) | G19: =AVERAGE(TS!Q163:Q172) | H19: =AVERAGE(TS!T163:T172) | I19: =AVERAGE(FaF!G163:G172) | J19: =AVERAGE(FaF!L163:L172) | K19: =AVERAGE(FaF!Q163:Q172) | L19: =AVERAGE(FaF!V163:V172) | M19: =AVERAGE(FaF!AA163:AA172) | N19: =AVERAGE(FaF!AF163:AF172) | O19: =AVERAGE(FaF!AK163:AK172) | P19: =AVERAGE(FaF!H163:H172) | Q19: =AVERAGE(FaF!M163:M172) | R19: =AVERAGE(FaF!AO163:AO172) | S19: =AVERAGE(FaF!AR163:AR172) | T19: =AVERAGE(FaF!AV163:AV172)
A20: wfjsp18 | B20: 20×10×8 | C20: =AVERAGE(TS!E173:E182) | D20: =AVERAGE(TS!H173:H182) | E20: =AVERAGE(TS!K173:K182) | F20: =AVERAGE(TS!N173:N182) | G20: =AVERAGE(TS!Q173:Q182) | H20: =AVERAGE(TS!T173:T182) | I20: =AVERAGE(FaF!G173:G182) | J20: =AVERAGE(FaF!L173:L182) | K20: =AVERAGE(FaF!Q173:Q182) | L20: =AVERAGE(FaF!V173:V182) | M20: =AVERAGE(FaF!AA173:AA182) | N20: =AVERAGE(FaF!AF173:AF182) | O20: =AVERAGE(FaF!AK173:AK182) | P20: =AVERAGE(FaF!H173:H182) | Q20: =AVERAGE(FaF!M173:M182) | R20: =AVERAGE(FaF!AO173:AO182) | S20: =AVERAGE(FaF!AR173:AR182) | T20: =AVERAGE(FaF!AV173:AV182)
A21: wfjsp19 | B21: 20×10×8 | C21: =AVERAGE(TS!E183:E192) | D21: =AVERAGE(TS!H183:H192) | E21: =AVERAGE(TS!K183:K192) | F21: =AVERAGE(TS!N183:N192) | G21: =AVERAGE(TS!Q183:Q192) | H21: =AVERAGE(TS!T183:T192) | I21: =AVERAGE(FaF!G183:G192) | J21: =AVERAGE(FaF!L183:L192) | K21: =AVERAGE(FaF!Q183:Q192) | L21: =AVERAGE(FaF!V183:V192) | M21: =AVERAGE(FaF!AA183:AA192) | N21: =AVERAGE(FaF!AF183:AF192) | O21: =AVERAGE(FaF!AK183:AK192) | P21: =AVERAGE(FaF!H183:H192) | Q21: =AVERAGE(FaF!M183:M192) | R21: =AVERAGE(FaF!AO183:AO192) | S21: =AVERAGE(FaF!AR183:AR192) | T21: =AVERAGE(FaF!AV183:AV192)
A22: wfjsp20 | B22: 25×10×8 | C22: =AVERAGE(TS!E193:E202) | D22: =AVERAGE(TS!H193:H202) | E22: =AVERAGE(TS!K193:K202) | F22: =AVERAGE(TS!N193:N202) | G22: =AVERAGE(TS!Q193:Q202) | H22: =AVERAGE(TS!T193:T202) | I22: =AVERAGE(FaF!G193:G202) | J22: =AVERAGE(FaF!L193:L202) | K22: =AVERAGE(FaF!Q193:Q202) | L22: =AVERAGE(FaF!V193:V202) | M22: =AVERAGE(FaF!AA193:AA202) | N22: =AVERAGE(FaF!AF193:AF202) | O22: =AVERAGE(FaF!AK193:AK202) | P22: =AVERAGE(FaF!H193:H202) | Q22: =AVERAGE(FaF!M193:M202) | R22: =AVERAGE(FaF!AO193:AO202) | S22: =AVERAGE(FaF!AR193:AR202) | T22: =AVERAGE(FaF!AV193:AV202)
A23: wfjsp21 | B23: 25×15×12 | C23: =AVERAGE(TS!E203:E212) | D23: =AVERAGE(TS!H203:H212) | E23: =AVERAGE(TS!K203:K212) | F23: =AVERAGE(TS!N203:N212) | G23: =AVERAGE(TS!Q203:Q212) | H23: =AVERAGE(TS!T203:T212) | I23: =AVERAGE(FaF!G203:G212) | J23: =AVERAGE(FaF!L203:L212) | K23: =AVERAGE(FaF!Q203:Q212) | L23: =AVERAGE(FaF!V203:V212) | M23: =AVERAGE(FaF!AA203:AA212) | N23: =AVERAGE(FaF!AF203:AF212) | O23: =AVERAGE(FaF!AK203:AK212) | P23: =AVERAGE(FaF!H203:H212) | Q23: =AVERAGE(FaF!M203:M212) | R23: =AVERAGE(FaF!AO203:AO212) | S23: =AVERAGE(FaF!AR203:AR212) | T23: =AVERAGE(FaF!AV203:AV212)
A24: wfjsp22 | B24: 30×15×12 | C24: =AVERAGE(TS!E213:E222) | D24: =AVERAGE(TS!H213:H222) | E24: =AVERAGE(TS!K213:K222) | F24: =AVERAGE(TS!N213:N222) | G24: =AVERAGE(TS!Q213:Q222) | H24: =AVERAGE(TS!T213:T222) | I24: =AVERAGE(FaF!G213:G222) | J24: =AVERAGE(FaF!L213:L222) | K24: =AVERAGE(FaF!Q213:Q222) | L24: =AVERAGE(FaF!V213:V222) | M24: =AVERAGE(FaF!AA213:AA222) | N24: =AVERAGE(FaF!AF213:AF222) | O24: =AVERAGE(FaF!AK213:AK222) | P24: =AVERAGE(FaF!H213:H222) | Q24: =AVERAGE(FaF!M213:M222) | R24: =AVERAGE(FaF!AO213:AO222) | S24: =AVERAGE(FaF!AR213:AR222) | T24: =AVERAGE(FaF!AV213:AV222)
A25: wfjsp23 | B25: 30×15×12 | C25: =AVERAGE(TS!E223:E232) | D25: =AVERAGE(TS!H223:H232) | E25: =AVERAGE(TS!K223:K232) | F25: =AVERAGE(TS!N223:N232) | G25: =AVERAGE(TS!Q223:Q232) | H25: =AVERAGE(TS!T223:T232) | I25: =AVERAGE(FaF!G223:G232) | J25: =AVERAGE(FaF!L223:L232) | K25: =AVERAGE(FaF!Q223:Q232) | L25: =AVERAGE(FaF!V223:V232) | M25: =AVERAGE(FaF!AA223:AA232) | N25: =AVERAGE(FaF!AF223:AF232) | O25: =AVERAGE(FaF!AK223:AK232) | P25: =AVERAGE(FaF!H223:H232) | Q25: =AVERAGE(FaF!M223:M232) | R25: =AVERAGE(FaF!AO223:AO232) | S25: =AVERAGE(FaF!AR223:AR232) | T25: =AVERAGE(FaF!AV223:AV232)
A26: wfjsp24 | B26: 40×15×12 | C26: =AVERAGE(TS!E233:E242) | D26: =AVERAGE(TS!H233:H242) | E26: =AVERAGE(TS!K233:K242) | F26: =AVERAGE(TS!N233:N242) | G26: =AVERAGE(TS!Q233:Q242) | H26: =AVERAGE(TS!T233:T242) | I26: =AVERAGE(FaF!G233:G242) | J26: =AVERAGE(FaF!L233:L242) | K26: =AVERAGE(FaF!Q233:Q242) | L26: =AVERAGE(FaF!V233:V242) | M26: =AVERAGE(FaF!AA233:AA242) | N26: =AVERAGE(FaF!AF233:AF242) | O26: =AVERAGE(FaF!AK233:AK242) | P26: =AVERAGE(FaF!H233:H242) | Q26: =AVERAGE(FaF!M233:M242) | R26: =AVERAGE(FaF!AO233:AO242) | S26: =AVERAGE(FaF!AR233:AR242) | T26: =AVERAGE(FaF!AV233:AV242)
A27: Average | C27: =AVERAGE(C3:C26) | D27: =AVERAGE(D3:D26) | E27: =AVERAGE(E3:E26) | F27: =AVERAGE(F3:F26) | G27: =AVERAGE(G3:G26) | H27: =AVERAGE(H3:H26) | I27: =AVERAGE(I3:I26) | J27: =AVERAGE(J3:J26) | ... T27: =AVERAGE(T3:T26)
A30: Average CPU time (s), WFJSP
A31: Instance set | B31: Scale | C31: TS_1000_2_5 | D31: TS_2000_5_5 | E31: TS_5000_5_5 | F31: TS_10000_10_5 | G31: TS_25000_15_10 | H31: TS_50000_30_20 | I31: FaF | J31: FaFM | K31: FaFMJ | L31: FaFMx2 | M31: TS@FaF | N31: TS@FaFM | O31: TSN1@FaFM | P31: TSN1_2000_5_5 | Q31: TSN1_10000_10_5 | T31: FaFMx3
A32: wfjsp1 | B32: 5×3×3 | C32: =AVERAGE(TS!D3:D12) | D32: =AVERAGE(TS!G3:G12) | E32: =AVERAGE(TS!J3:J12) | F32: =AVERAGE(TS!M3:M12) | G32: =AVERAGE(TS!P3:P12) | H32: =AVERAGE(TS!S3:S12) | I32: =AVERAGE(FaF!F3:F12) | J32: =AVERAGE(FaF!K3:K12) | K32: =AVERAGE(FaF!P3:P12) | L32: =AVERAGE(FaF!U3:U12) | M32: =AVERAGE(FaF!Z3:Z12) | N32: =AVERAGE(FaF!AE3:AE12) | O32: =AVERAGE(FaF!AJ3:AJ12) | P32: =AVERAGE(FaF!AN3:AN12) | Q32: =AVERAGE(FaF!AQ3:AQ12) | T32: =AVERAGE(FaF!AU3:AU12)
A33: wfjsp2 | B33: 7×3×3 | C33: =AVERAGE(TS!D13:D22) | D33: =AVERAGE(TS!G13:G22) | E33: =AVERAGE(TS!J13:J22) | F33: =AVERAGE(TS!M13:M22) | G33: =AVERAGE(TS!P13:P22) | H33: =AVERAGE(TS!S13:S22) | I33: =AVERAGE(FaF!F13:F22) | J33: =AVERAGE(FaF!K13:K22) | K33: =AVERAGE(FaF!P13:P22) | L33: =AVERAGE(FaF!U13:U22) | M33: =AVERAGE(FaF!Z13:Z22) | N33: =AVERAGE(FaF!AE13:AE22) | O33: =AVERAGE(FaF!AJ13:AJ22) | P33: =AVERAGE(FaF!AN13:AN22) | Q33: =AVERAGE(FaF!AQ13:AQ22) | T33: =AVERAGE(FaF!AU13:AU22)
A34: wfjsp3 | B34: 7×4×4 | C34: =AVERAGE(TS!D23:D32) | D34: =AVERAGE(TS!G23:G32) | E34: =AVERAGE(TS!J23:J32) | F34: =AVERAGE(TS!M23:M32) | G34: =AVERAGE(TS!P23:P32) | H34: =AVERAGE(TS!S23:S32) | I34: =AVERAGE(FaF!F23:F32) | J34: =AVERAGE(FaF!K23:K32) | K34: =AVERAGE(FaF!P23:P32) | L34: =AVERAGE(FaF!U23:U32) | M34: =AVERAGE(FaF!Z23:Z32) | N34: =AVERAGE(FaF!AE23:AE32) | O34: =AVERAGE(FaF!AJ23:AJ32) | P34: =AVERAGE(FaF!AN23:AN32) | Q34: =AVERAGE(FaF!AQ23:AQ32) | T34: =AVERAGE(FaF!AU23:AU32)
A35: wfjsp4 | B35: 10×5×5 | C35: =AVERAGE(TS!D33:D42) | D35: =AVERAGE(TS!G33:G42) | E35: =AVERAGE(TS!J33:J42) | F35: =AVERAGE(TS!M33:M42) | G35: =AVERAGE(TS!P33:P42) | H35: =AVERAGE(TS!S33:S42) | I35: =AVERAGE(FaF!F33:F42) | J35: =AVERAGE(FaF!K33:K42) | K35: =AVERAGE(FaF!P33:P42) | L35: =AVERAGE(FaF!U33:U42) | M35: =AVERAGE(FaF!Z33:Z42) | N35: =AVERAGE(FaF!AE33:AE42) | O35: =AVERAGE(FaF!AJ33:AJ42) | P35: =AVERAGE(FaF!AN33:AN42) | Q35: =AVERAGE(FaF!AQ33:AQ42) | T35: =AVERAGE(FaF!AU33:AU42)
A36: wfjsp5 | B36: 10×5×5 | C36: =AVERAGE(TS!D43:D52) | D36: =AVERAGE(TS!G43:G52) | E36: =AVERAGE(TS!J43:J52) | F36: =AVERAGE(TS!M43:M52) | G36: =AVERAGE(TS!P43:P52) | H36: =AVERAGE(TS!S43:S52) | I36: =AVERAGE(FaF!F43:F52) | J36: =AVERAGE(FaF!K43:K52) | K36: =AVERAGE(FaF!P43:P52) | L36: =AVERAGE(FaF!U43:U52) | M36: =AVERAGE(FaF!Z43:Z52) | N36: =AVERAGE(FaF!AE43:AE52) | O36: =AVERAGE(FaF!AJ43:AJ52) | P36: =AVERAGE(FaF!AN43:AN52) | Q36: =AVERAGE(FaF!AQ43:AQ52) | T36: =AVERAGE(FaF!AU43:AU52)
A37: wfjsp6 | B37: 12×5×5 | C37: =AVERAGE(TS!D53:D62) | D37: =AVERAGE(TS!G53:G62) | E37: =AVERAGE(TS!J53:J62) | F37: =AVERAGE(TS!M53:M62) | G37: =AVERAGE(TS!P53:P62) | H37: =AVERAGE(TS!S53:S62) | I37: =AVERAGE(FaF!F53:F62) | J37: =AVERAGE(FaF!K53:K62) | K37: =AVERAGE(FaF!P53:P62) | L37: =AVERAGE(FaF!U53:U62) | M37: =AVERAGE(FaF!Z53:Z62) | N37: =AVERAGE(FaF!AE53:AE62) | O37: =AVERAGE(FaF!AJ53:AJ62) | P37: =AVERAGE(FaF!AN53:AN62) | Q37: =AVERAGE(FaF!AQ53:AQ62) | T37: =AVERAGE(FaF!AU53:AU62)
A38: wfjsp7 | B38: 12×5×5 | C38: =AVERAGE(TS!D63:D72) | D38: =AVERAGE(TS!G63:G72) | E38: =AVERAGE(TS!J63:J72) | F38: =AVERAGE(TS!M63:M72) | G38: =AVERAGE(TS!P63:P72) | H38: =AVERAGE(TS!S63:S72) | I38: =AVERAGE(FaF!F63:F72) | J38: =AVERAGE(FaF!K63:K72) | K38: =AVERAGE(FaF!P63:P72) | L38: =AVERAGE(FaF!U63:U72) | M38: =AVERAGE(FaF!Z63:Z72) | N38: =AVERAGE(FaF!AE63:AE72) | O38: =AVERAGE(FaF!AJ63:AJ72) | P38: =AVERAGE(FaF!AN63:AN72) | Q38: =AVERAGE(FaF!AQ63:AQ72) | T38: =AVERAGE(FaF!AU63:AU72)
A39: wfjsp8 | B39: 15×5×5 | C39: =AVERAGE(TS!D73:D82) | D39: =AVERAGE(TS!G73:G82) | E39: =AVERAGE(TS!J73:J82) | F39: =AVERAGE(TS!M73:M82) | G39: =AVERAGE(TS!P73:P82) | H39: =AVERAGE(TS!S73:S82) | I39: =AVERAGE(FaF!F73:F82) | J39: =AVERAGE(FaF!K73:K82) | K39: =AVERAGE(FaF!P73:P82) | L39: =AVERAGE(FaF!U73:U82) | M39: =AVERAGE(FaF!Z73:Z82) | N39: =AVERAGE(FaF!AE73:AE82) | O39: =AVERAGE(FaF!AJ73:AJ82) | P39: =AVERAGE(FaF!AN73:AN82) | Q39: =AVERAGE(FaF!AQ73:AQ82) | T39: =AVERAGE(FaF!AU73:AU82)
A40: wfjsp9 | B40: 15×5×5 | C40: =AVERAGE(TS!D83:D92) | D40: =AVERAGE(TS!G83:G92) | E40: =AVERAGE(TS!J83:J92) | F40: =AVERAGE(TS!M83:M92) | G40: =AVERAGE(TS!P83:P92) | H40: =AVERAGE(TS!S83:S92) | I40: =AVERAGE(FaF!F83:F92) | J40: =AVERAGE(FaF!K83:K92) | K40: =AVERAGE(FaF!P83:P92) | L40: =AVERAGE(FaF!U83:U92) | M40: =AVERAGE(FaF!Z83:Z92) | N40: =AVERAGE(FaF!AE83:AE92) | O40: =AVERAGE(FaF!AJ83:AJ92) | P40: =AVERAGE(FaF!AN83:AN92) | Q40: =AVERAGE(FaF!AQ83:AQ92) | T40: =AVERAGE(FaF!AU83:AU92)
A41: wfjsp10 | B41: 20×10×10 | C41: =AVERAGE(TS!D93:D102) | D41: =AVERAGE(TS!G93:G102) | E41: =AVERAGE(TS!J93:J102) | F41: =AVERAGE(TS!M93:M102) | G41: =AVERAGE(TS!P93:P102) | H41: =AVERAGE(TS!S93:S102) | I41: =AVERAGE(FaF!F93:F102) | J41: =AVERAGE(FaF!K93:K102) | K41: =AVERAGE(FaF!P93:P102) | L41: =AVERAGE(FaF!U93:U102) | M41: =AVERAGE(FaF!Z93:Z102) | N41: =AVERAGE(FaF!AE93:AE102) | O41: =AVERAGE(FaF!AJ93:AJ102) | P41: =AVERAGE(FaF!AN93:AN102) | Q41: =AVERAGE(FaF!AQ93:AQ102) | T41: =AVERAGE(FaF!AU93:AU102)
A42: wfjsp11 | B42: 20×10×10 | C42: =AVERAGE(TS!D103:D112) | D42: =AVERAGE(TS!G103:G112) | E42: =AVERAGE(TS!J103:J112) | F42: =AVERAGE(TS!M103:M112) | G42: =AVERAGE(TS!P103:P112) | H42: =AVERAGE(TS!S103:S112) | I42: =AVERAGE(FaF!F103:F112) | J42: =AVERAGE(FaF!K103:K112) | K42: =AVERAGE(FaF!P103:P112) | L42: =AVERAGE(FaF!U103:U112) | M42: =AVERAGE(FaF!Z103:Z112) | N42: =AVERAGE(FaF!AE103:AE112) | O42: =AVERAGE(FaF!AJ103:AJ112) | P42: =AVERAGE(FaF!AN103:AN112) | Q42: =AVERAGE(FaF!AQ103:AQ112) | T42: =AVERAGE(FaF!AU103:AU112)
A43: wfjsp12 | B43: 25×10×10 | C43: =AVERAGE(TS!D113:D122) | D43: =AVERAGE(TS!G113:G122) | E43: =AVERAGE(TS!J113:J122) | F43: =AVERAGE(TS!M113:M122) | G43: =AVERAGE(TS!P113:P122) | H43: =AVERAGE(TS!S113:S122) | I43: =AVERAGE(FaF!F113:F122) | J43: =AVERAGE(FaF!K113:K122) | K43: =AVERAGE(FaF!P113:P122) | L43: =AVERAGE(FaF!U113:U122) | M43: =AVERAGE(FaF!Z113:Z122) | N43: =AVERAGE(FaF!AE113:AE122) | O43: =AVERAGE(FaF!AJ113:AJ122) | P43: =AVERAGE(FaF!AN113:AN122) | Q43: =AVERAGE(FaF!AQ113:AQ122) | T43: =AVERAGE(FaF!AU113:AU122)
A44: wfjsp13 | B44: 25×15×15 | C44: =AVERAGE(TS!D123:D132) | D44: =AVERAGE(TS!G123:G132) | E44: =AVERAGE(TS!J123:J132) | F44: =AVERAGE(TS!M123:M132) | G44: =AVERAGE(TS!P123:P132) | H44: =AVERAGE(TS!S123:S132) | I44: =AVERAGE(FaF!F123:F132) | J44: =AVERAGE(FaF!K123:K132) | K44: =AVERAGE(FaF!P123:P132) | L44: =AVERAGE(FaF!U123:U132) | M44: =AVERAGE(FaF!Z123:Z132) | N44: =AVERAGE(FaF!AE123:AE132) | O44: =AVERAGE(FaF!AJ123:AJ132) | P44: =AVERAGE(FaF!AN123:AN132) | Q44: =AVERAGE(FaF!AQ123:AQ132) | T44: =AVERAGE(FaF!AU123:AU132)
A45: wfjsp14 | B45: 30×15×15 | C45: =AVERAGE(TS!D133:D142) | D45: =AVERAGE(TS!G133:G142) | E45: =AVERAGE(TS!J133:J142) | F45: =AVERAGE(TS!M133:M142) | G45: =AVERAGE(TS!P133:P142) | H45: =AVERAGE(TS!S133:S142) | I45: =AVERAGE(FaF!F133:F142) | J45: =AVERAGE(FaF!K133:K142) | K45: =AVERAGE(FaF!P133:P142) | L45: =AVERAGE(FaF!U133:U142) | M45: =AVERAGE(FaF!Z133:Z142) | N45: =AVERAGE(FaF!AE133:AE142) | O45: =AVERAGE(FaF!AJ133:AJ142) | P45: =AVERAGE(FaF!AN133:AN142) | Q45: =AVERAGE(FaF!AQ133:AQ142) | T45: =AVERAGE(FaF!AU133:AU142)
A46: wfjsp15 | B46: 30×15×15 | C46: =AVERAGE(TS!D143:D152) | D46: =AVERAGE(TS!G143:G152) | E46: =AVERAGE(TS!J143:J152) | F46: =AVERAGE(TS!M143:M152) | G46: =AVERAGE(TS!P143:P152) | H46: =AVERAGE(TS!S143:S152) | I46: =AVERAGE(FaF!F143:F152) | J46: =AVERAGE(FaF!K143:K152) | K46: =AVERAGE(FaF!P143:P152) | L46: =AVERAGE(FaF!U143:U152) | M46: =AVERAGE(FaF!Z143:Z152) | N46: =AVERAGE(FaF!AE143:AE152) | O46: =AVERAGE(FaF!AJ143:AJ152) | P46: =AVERAGE(FaF!AN143:AN152) | Q46: =AVERAGE(FaF!AQ143:AQ152) | T46: =AVERAGE(FaF!AU143:AU152)
A47: wfjsp16 | B47: 40×15×15 | C47: =AVERAGE(TS!D153:D162) | D47: =AVERAGE(TS!G153:G162) | E47: =AVERAGE(TS!J153:J162) | F47: =AVERAGE(TS!M153:M162) | G47: =AVERAGE(TS!P153:P162) | H47: =AVERAGE(TS!S153:S162) | I47: =AVERAGE(FaF!F153:F162) | J47: =AVERAGE(FaF!K153:K162) | K47: =AVERAGE(FaF!P153:P162) | L47: =AVERAGE(FaF!U153:U162) | M47: =AVERAGE(FaF!Z153:Z162) | N47: =AVERAGE(FaF!AE153:AE162) | O47: =AVERAGE(FaF!AJ153:AJ162) | P47: =AVERAGE(FaF!AN153:AN162) | Q47: =AVERAGE(FaF!AQ153:AQ162) | T47: =AVERAGE(FaF!AU153:AU162)
A48: wfjsp17 | B48: 15×5×4 | C48: =AVERAGE(TS!D163:D172) | D48: =AVERAGE(TS!G163:G172) | E48: =AVERAGE(TS!J163:J172) | F48: =AVERAGE(TS!M163:M172) | G48: =AVERAGE(TS!P163:P172) | H48: =AVERAGE(TS!S163:S172) | I48: =AVERAGE(FaF!F163:F172) | J48: =AVERAGE(FaF!K163:K172) | K48: =AVERAGE(FaF!P163:P172) | L48: =AVERAGE(FaF!U163:U172) | M48: =AVERAGE(FaF!Z163:Z172) | N48: =AVERAGE(FaF!AE163:AE172) | O48: =AVERAGE(FaF!AJ163:AJ172) | P48: =AVERAGE(FaF!AN163:AN172) | Q48: =AVERAGE(FaF!AQ163:AQ172) | T48: =AVERAGE(FaF!AU163:AU172)
A49: wfjsp18 | B49: 20×10×8 | C49: =AVERAGE(TS!D173:D182) | D49: =AVERAGE(TS!G173:G182) | E49: =AVERAGE(TS!J173:J182) | F49: =AVERAGE(TS!M173:M182) | G49: =AVERAGE(TS!P173:P182) | H49: =AVERAGE(TS!S173:S182) | I49: =AVERAGE(FaF!F173:F182) | J49: =AVERAGE(FaF!K173:K182) | K49: =AVERAGE(FaF!P173:P182) | L49: =AVERAGE(FaF!U173:U182) | M49: =AVERAGE(FaF!Z173:Z182) | N49: =AVERAGE(FaF!AE173:AE182) | O49: =AVERAGE(FaF!AJ173:AJ182) | P49: =AVERAGE(FaF!AN173:AN182) | Q49: =AVERAGE(FaF!AQ173:AQ182) | T49: =AVERAGE(FaF!AU173:AU182)
A50: wfjsp19 | B50: 20×10×8 | C50: =AVERAGE(TS!D183:D192) | D50: =AVERAGE(TS!G183:G192) | E50: =AVERAGE(TS!J183:J192) | F50: =AVERAGE(TS!M183:M192) | G50: =AVERAGE(TS!P183:P192) | H50: =AVERAGE(TS!S183:S192) | I50: =AVERAGE(FaF!F183:F192) | J50: =AVERAGE(FaF!K183:K192) | K50: =AVERAGE(FaF!P183:P192) | L50: =AVERAGE(FaF!U183:U192) | M50: =AVERAGE(FaF!Z183:Z192) | N50: =AVERAGE(FaF!AE183:AE192) | O50: =AVERAGE(FaF!AJ183:AJ192) | P50: =AVERAGE(FaF!AN183:AN192) | Q50: =AVERAGE(FaF!AQ183:AQ192) | T50: =AVERAGE(FaF!AU183:AU192)
A51: wfjsp20 | B51: 25×10×8 | C51: =AVERAGE(TS!D193:D202) | D51: =AVERAGE(TS!G193:G202) | E51: =AVERAGE(TS!J193:J202) | F51: =AVERAGE(TS!M193:M202) | G51: =AVERAGE(TS!P193:P202) | H51: =AVERAGE(TS!S193:S202) | I51: =AVERAGE(FaF!F193:F202) | J51: =AVERAGE(FaF!K193:K202) | K51: =AVERAGE(FaF!P193:P202) | L51: =AVERAGE(FaF!U193:U202) | M51: =AVERAGE(FaF!Z193:Z202) | N51: =AVERAGE(FaF!AE193:AE202) | O51: =AVERAGE(FaF!AJ193:AJ202) | P51: =AVERAGE(FaF!AN193:AN202) | Q51: =AVERAGE(FaF!AQ193:AQ202) | T51: =AVERAGE(FaF!AU193:AU202)
A52: wfjsp21 | B52: 25×15×12 | C52: =AVERAGE(TS!D203:D212) | D52: =AVERAGE(TS!G203:G212) | E52: =AVERAGE(TS!J203:J212) | F52: =AVERAGE(TS!M203:M212) | G52: =AVERAGE(TS!P203:P212) | H52: =AVERAGE(TS!S203:S212) | I52: =AVERAGE(FaF!F203:F212) | J52: =AVERAGE(FaF!K203:K212) | K52: =AVERAGE(FaF!P203:P212) | L52: =AVERAGE(FaF!U203:U212) | M52: =AVERAGE(FaF!Z203:Z212) | N52: =AVERAGE(FaF!AE203:AE212) | O52: =AVERAGE(FaF!AJ203:AJ212) | P52: =AVERAGE(FaF!AN203:AN212) | Q52: =AVERAGE(FaF!AQ203:AQ212) | T52: =AVERAGE(FaF!AU203:AU212)
A53: wfjsp22 | B53: 30×15×12 | C53: =AVERAGE(TS!D213:D222) | D53: =AVERAGE(TS!G213:G222) | E53: =AVERAGE(TS!J213:J222) | F53: =AVERAGE(TS!M213:M222) | G53: =AVERAGE(TS!P213:P222) | H53: =AVERAGE(TS!S213:S222) | I53: =AVERAGE(FaF!F213:F222) | J53: =AVERAGE(FaF!K213:K222) | K53: =AVERAGE(FaF!P213:P222) | L53: =AVERAGE(FaF!U213:U222) | M53: =AVERAGE(FaF!Z213:Z222) | N53: =AVERAGE(FaF!AE213:AE222) | O53: =AVERAGE(FaF!AJ213:AJ222) | P53: =AVERAGE(FaF!AN213:AN222) | Q53: =AVERAGE(FaF!AQ213:AQ222) | T53: =AVERAGE(FaF!AU213:AU222)
A54: wfjsp23 | B54: 30×15×12 | C54: =AVERAGE(TS!D223:D232) | D54: =AVERAGE(TS!G223:G232) | E54: =AVERAGE(TS!J223:J232) | F54: =AVERAGE(TS!M223:M232) | G54: =AVERAGE(TS!P223:P232) | H54: =AVERAGE(TS!S223:S232) | I54: =AVERAGE(FaF!F223:F232) | J54: =AVERAGE(FaF!K223:K232) | K54: =AVERAGE(FaF!P223:P232) | L54: =AVERAGE(FaF!U223:U232) | M54: =AVERAGE(FaF!Z223:Z232) | N54: =AVERAGE(FaF!AE223:AE232) | O54: =AVERAGE(FaF!AJ223:AJ232) | P54: =AVERAGE(FaF!AN223:AN232) | Q54: =AVERAGE(FaF!AQ223:AQ232) | T54: =AVERAGE(FaF!AU223:AU232)
A55: wfjsp24 | B55: 40×15×12 | C55: =AVERAGE(TS!D233:D242) | D55: =AVERAGE(TS!G233:G242) | E55: =AVERAGE(TS!J233:J242) | F55: =AVERAGE(TS!M233:M242) | G55: =AVERAGE(TS!P233:P242) | H55: =AVERAGE(TS!S233:S242) | I55: =AVERAGE(FaF!F233:F242) | J55: =AVERAGE(FaF!K233:K242) | K55: =AVERAGE(FaF!P233:P242) | L55: =AVERAGE(FaF!U233:U242) | M55: =AVERAGE(FaF!Z233:Z242) | N55: =AVERAGE(FaF!AE233:AE242) | O55: =AVERAGE(FaF!AJ233:AJ242) | P55: =AVERAGE(FaF!AN233:AN242) | Q55: =AVERAGE(FaF!AQ233:AQ242) | T55: =AVERAGE(FaF!AU233:AU242)
A56: Average | C56: =AVERAGE(C32:C55) | D56: =AVERAGE(D32:D55) | E56: =AVERAGE(E32:E55) | F56: =AVERAGE(F32:F55) | G56: =AVERAGE(G32:G55) | H56: =AVERAGE(H32:H55) | I56: =AVERAGE(I32:I55) | J56: =AVERAGE(J32:J55) | ... Q56: =AVERAGE(Q32:Q55) | T56: =AVERAGE(T32:T55)
A59: Deviation from CP, MK and DP
A60: Instance set | B60: Scale | C60: TS_1000_2_5 | D60: TS_2000_5_5 | E60: TS_5000_5_5 | F60: TS_10000_10_5 | G60: TS_25000_15_10 | H60: TS_50000_30_20 | I60: FaF | J60: FaFM | K60: FaFMJ | L60: FaFMx2 | M60: TS@FaF | N60: TS@FaFM | O60: TSN1@FaFM | P60: FaF Best | Q60: FaFM Best | R60: TSN1_2000_5_5 | S60: TSN1_10000_10_5 | T60: FaFMx3
A61: MK1 | C61: =TS_lit!E3 | D61: =TS_lit!H3 | E61: =TS_lit!K3 | F61: =TS_lit!N3 | G61: =TS_lit!Q3 | H61: =TS_lit!T3 | I61: =FaF!G243 | J61: =FaF!L243 | K61: =FaF!Q243 | L61: =FaF!V243 | M61: =FaF!AA243 | N61: =FaF!AF243 | O61: =FaF!AK243 | P61: =FaF!H243 | Q61: =FaF!M243 | R61: =FaF!AO243 | S61: =FaF!AR243 | T61: =FaF!AV243
A62: MK2 | C62: =TS_lit!E4 | D62: =TS_lit!H4 | E62: =TS_lit!K4 | F62: =TS_lit!N4 | G62: =TS_lit!Q4 | H62: =TS_lit!T4 | I62: =FaF!G244 | J62: =FaF!L244 | K62: =FaF!Q244 | L62: =FaF!V244 | M62: =FaF!AA244 | N62: =FaF!AF244 | O62: =FaF!AK244 | P62: =FaF!H244 | Q62: =FaF!M244 | R62: =FaF!AO244 | S62: =FaF!AR244 | T62: =FaF!AV244
A63: MK3 | C63: =TS_lit!E5 | D63: =TS_lit!H5 | E63: =TS_lit!K5 | F63: =TS_lit!N5 | G63: =TS_lit!Q5 | H63: =TS_lit!T5 | I63: =FaF!G245 | J63: =FaF!L245 | K63: =FaF!Q245 | L63: =FaF!V245 | M63: =FaF!AA245 | N63: =FaF!AF245 | O63: =FaF!AK245 | P63: =FaF!H245 | Q63: =FaF!M245 | R63: =FaF!AO245 | S63: =FaF!AR245 | T63: =FaF!AV245
A64: MK4 | C64: =TS_lit!E6 | D64: =TS_lit!H6 | E64: =TS_lit!K6 | F64: =TS_lit!N6 | G64: =TS_lit!Q6 | H64: =TS_lit!T6 | I64: =FaF!G246 | J64: =FaF!L246 | K64: =FaF!Q246 | L64: =FaF!V246 | M64: =FaF!AA246 | N64: =FaF!AF246 | O64: =FaF!AK246 | P64: =FaF!H246 | Q64: =FaF!M246 | R64: =FaF!AO246 | S64: =FaF!AR246 | T64: =FaF!AV246
A65: MK5 | C65: =TS_lit!E7 | D65: =TS_lit!H7 | E65: =TS_lit!K7 | F65: =TS_lit!N7 | G65: =TS_lit!Q7 | H65: =TS_lit!T7 | I65: =FaF!G247 | J65: =FaF!L247 | K65: =FaF!Q247 | L65: =FaF!V247 | M65: =FaF!AA247 | N65: =FaF!AF247 | O65: =FaF!AK247 | P65: =FaF!H247 | Q65: =FaF!M247 | R65: =FaF!AO247 | S65: =FaF!AR247 | T65: =FaF!AV247
A66: MK6 | C66: =TS_lit!E8 | D66: =TS_lit!H8 | E66: =TS_lit!K8 | F66: =TS_lit!N8 | G66: =TS_lit!Q8 | H66: =TS_lit!T8 | I66: =FaF!G248 | J66: =FaF!L248 | K66: =FaF!Q248 | L66: =FaF!V248 | M66: =FaF!AA248 | N66: =FaF!AF248 | O66: =FaF!AK248 | P66: =FaF!H248 | Q66: =FaF!M248 | R66: =FaF!AO248 | S66: =FaF!AR248 | T66: =FaF!AV248
A67: MK7 | C67: =TS_lit!E9 | D67: =TS_lit!H9 | E67: =TS_lit!K9 | F67: =TS_lit!N9 | G67: =TS_lit!Q9 | H67: =TS_lit!T9 | I67: =FaF!G249 | J67: =FaF!L249 | K67: =FaF!Q249 | L67: =FaF!V249 | M67: =FaF!AA249 | N67: =FaF!AF249 | O67: =FaF!AK249 | P67: =FaF!H249 | Q67: =FaF!M249 | R67: =FaF!AO249 | S67: =FaF!AR249 | T67: =FaF!AV249
A68: MK8 | C68: =TS_lit!E10 | D68: =TS_lit!H10 | E68: =TS_lit!K10 | F68: =TS_lit!N10 | G68: =TS_lit!Q10 | H68: =TS_lit!T10 | I68: =FaF!G250 | J68: =FaF!L250 | K68: =FaF!Q250 | L68: =FaF!V250 | M68: =FaF!AA250 | N68: =FaF!AF250 | O68: =FaF!AK250 | P68: =FaF!H250 | Q68: =FaF!M250 | R68: =FaF!AO250 | S68: =FaF!AR250 | T68: =FaF!AV250
A69: MK9 | C69: =TS_lit!E11 | D69: =TS_lit!H11 | E69: =TS_lit!K11 | F69: =TS_lit!N11 | G69: =TS_lit!Q11 | H69: =TS_lit!T11 | I69: =FaF!G251 | J69: =FaF!L251 | K69: =FaF!Q251 | L69: =FaF!V251 | M69: =FaF!AA251 | N69: =FaF!AF251 | O69: =FaF!AK251 | P69: =FaF!H251 | Q69: =FaF!M251 | R69: =FaF!AO251 | S69: =FaF!AR251 | T69: =FaF!AV251
A70: MK10 | C70: =TS_lit!E12 | D70: =TS_lit!H12 | E70: =TS_lit!K12 | F70: =TS_lit!N12 | G70: =TS_lit!Q12 | H70: =TS_lit!T12 | I70: =FaF!G252 | J70: =FaF!L252 | K70: =FaF!Q252 | L70: =FaF!V252 | M70: =FaF!AA252 | N70: =FaF!AF252 | O70: =FaF!AK252 | P70: =FaF!H252 | Q70: =FaF!M252 | R70: =FaF!AO252 | S70: =FaF!AR252 | T70: =FaF!AV252
A71: DP1 | C71: =TS_lit!E13 | D71: =TS_lit!H13 | E71: =TS_lit!K13 | F71: =TS_lit!N13 | G71: =TS_lit!Q13 | H71: =TS_lit!T13 | I71: =FaF!G253 | J71: =FaF!L253 | K71: =FaF!Q253 | L71: =FaF!V253 | M71: =FaF!AA253 | N71: =FaF!AF253 | O71: =FaF!AK253 | P71: =FaF!H253 | Q71: =FaF!M253 | R71: =FaF!AO253 | S71: =FaF!AR253 | T71: =FaF!AV253
A72: DP2 | C72: =TS_lit!E14 | D72: =TS_lit!H14 | E72: =TS_lit!K14 | F72: =TS_lit!N14 | G72: =TS_lit!Q14 | H72: =TS_lit!T14 | I72: =FaF!G254 | J72: =FaF!L254 | K72: =FaF!Q254 | L72: =FaF!V254 | M72: =FaF!AA254 | N72: =FaF!AF254 | O72: =FaF!AK254 | P72: =FaF!H254 | Q72: =FaF!M254 | R72: =FaF!AO254 | S72: =FaF!AR254 | T72: =FaF!AV254
... A82: DP12 | C82: =TS_lit!E24 | D82: =TS_lit!H24 | E82: =TS_lit!K24 | F82: =TS_lit!N24 | G82: =TS_lit!Q24 | H82: =TS_lit!T24 | I82: =FaF!G264 | J82: =FaF!L264 | K82: =FaF!Q264 | L82: =FaF!V264 | M82: =FaF!AA264 | N82: =FaF!AF264 | O82: =FaF!AK264 | P82: =FaF!H264 | Q82: =FaF!M264 | R82: =FaF!AO264 | S82: =FaF!AR264 | T82: =FaF!AV264
A83: Average | C83: =AVERAGE(C61:C82) | D83: =AVERAGE(D61:D82) | E83: =AVERAGE(E61:E82) | F83: =AVERAGE(F61:F82) | G83: =AVERAGE(G61:G82) | H83: =AVERAGE(H61:H82) | I83: =AVERAGE(I61:I82) | J83: =AVERAGE(J61:J82) | ... T83: =AVERAGE(T61:T82)
A86: CPU time (s), MK and DP
A87: Instance set | B87: Scale | C87: TS_1000_2_5 | D87: TS_2000_5_5 | E87: TS_5000_5_5 | F87: TS_10000_10_5 | G87: TS_25000_15_10 | H87: TS_50000_30_20 | I87: FaF | J87: FaFM | K87: FaFMJ | L87: FaFMx2 | M87: TS@FaF | N87: TS@FaFM | O87: TSN1@FaFM | P87: TSN1_2000_5_5 | Q87: TSN1_10000_10_5 | T87: FaFMx3
A88: MK1 | C88: =TS_lit!D3 | D88: =TS_lit!G3 | E88: =TS_lit!J3 | F88: =TS_lit!M3 | G88: =TS_lit!P3 | H88: =TS_lit!S3 | I88: =FaF!F243 | J88: =FaF!K243 | K88: =FaF!P243 | L88: =FaF!U243 | M88: =FaF!Z243 | N88: =FaF!AE243 | O88: =FaF!AJ243 | P88: =FaF!AN243 | Q88: =FaF!AQ243 | T88: =FaF!AU243
A89: MK2 | C89: =TS_lit!D4 | D89: =TS_lit!G4 | E89: =TS_lit!J4 | F89: =TS_lit!M4 | G89: =TS_lit!P4 | H89: =TS_lit!S4 | I89: =FaF!F244 | J89: =FaF!K244 | K89: =FaF!P244 | L89: =FaF!U244 | M89: =FaF!Z244 | N89: =FaF!AE244 | O89: =FaF!AJ244 | P89: =FaF!AN244 | Q89: =FaF!AQ244 | T89: =FaF!AU244
A90: MK3 | C90: =TS_lit!D5 | D90: =TS_lit!G5 | E90: =TS_lit!J5 | F90: =TS_lit!M5 | G90: =TS_lit!P5 | H90: =TS_lit!S5 | I90: =FaF!F245 | J90: =FaF!K245 | K90: =FaF!P245 | L90: =FaF!U245 | M90: =FaF!Z245 | N90: =FaF!AE245 | O90: =FaF!AJ245 | P90: =FaF!AN245 | Q90: =FaF!AQ245 | T90: =FaF!AU245
A91: MK4 | C91: =TS_lit!D6 | D91: =TS_lit!G6 | E91: =TS_lit!J6 | F91: =TS_lit!M6 | G91: =TS_lit!P6 | H91: =TS_lit!S6 | I91: =FaF!F246 | J91: =FaF!K246 | K91: =FaF!P246 | L91: =FaF!U246 | M91: =FaF!Z246 | N91: =FaF!AE246 | O91: =FaF!AJ246 | P91: =FaF!AN246 | Q91: =FaF!AQ246 | T91: =FaF!AU246
A92: MK5 | C92: =TS_lit!D7 | D92: =TS_lit!G7 | E92: =TS_lit!J7 | F92: =TS_lit!M7 | G92: =TS_lit!P7 | H92: =TS_lit!S7 | I92: =FaF!F247 | J92: =FaF!K247 | K92: =FaF!P247 | L92: =FaF!U247 | M92: =FaF!Z247 | N92: =FaF!AE247 | O92: =FaF!AJ247 | P92: =FaF!AN247 | Q92: =FaF!AQ247 | T92: =FaF!AU247
A93: MK6 | C93: =TS_lit!D8 | D93: =TS_lit!G8 | E93: =TS_lit!J8 | F93: =TS_lit!M8 | G93: =TS_lit!P8 | H93: =TS_lit!S8 | I93: =FaF!F248 | J93: =FaF!K248 | K93: =FaF!P248 | L93: =FaF!U248 | M93: =FaF!Z248 | N93: =FaF!AE248 | O93: =FaF!AJ248 | P93: =FaF!AN248 | Q93: =FaF!AQ248 | T93: =FaF!AU248
A94: MK7 | C94: =TS_lit!D9 | D94: =TS_lit!G9 | E94: =TS_lit!J9 | F94: =TS_lit!M9 | G94: =TS_lit!P9 | H94: =TS_lit!S9 | I94: =FaF!F249 | J94: =FaF!K249 | K94: =FaF!P249 | L94: =FaF!U249 | M94: =FaF!Z249 | N94: =FaF!AE249 | O94: =FaF!AJ249 | P94: =FaF!AN249 | Q94: =FaF!AQ249 | T94: =FaF!AU249
A95: MK8 | C95: =TS_lit!D10 | D95: =TS_lit!G10 | E95: =TS_lit!J10 | F95: =TS_lit!M10 | G95: =TS_lit!P10 | H95: =TS_lit!S10 | I95: =FaF!F250 | J95: =FaF!K250 | K95: =FaF!P250 | L95: =FaF!U250 | M95: =FaF!Z250 | N95: =FaF!AE250 | O95: =FaF!AJ250 | P95: =FaF!AN250 | Q95: =FaF!AQ250 | T95: =FaF!AU250
A96: MK9 | C96: =TS_lit!D11 | D96: =TS_lit!G11 | E96: =TS_lit!J11 | F96: =TS_lit!M11 | G96: =TS_lit!P11 | H96: =TS_lit!S11 | I96: =FaF!F251 | J96: =FaF!K251 | K96: =FaF!P251 | L96: =FaF!U251 | M96: =FaF!Z251 | N96: =FaF!AE251 | O96: =FaF!AJ251 | P96: =FaF!AN251 | Q96: =FaF!AQ251 | T96: =FaF!AU251
A97: MK10 | C97: =TS_lit!D12 | D97: =TS_lit!G12 | E97: =TS_lit!J12 | F97: =TS_lit!M12 | G97: =TS_lit!P12 | H97: =TS_lit!S12 | I97: =FaF!F252 | J97: =FaF!K252 | K97: =FaF!P252 | L97: =FaF!U252 | M97: =FaF!Z252 | N97: =FaF!AE252 | O97: =FaF!AJ252 | P97: =FaF!AN252 | Q97: =FaF!AQ252 | T97: =FaF!AU252
A98: DP1 | C98: =TS_lit!D13 | D98: =TS_lit!G13 | E98: =TS_lit!J13 | F98: =TS_lit!M13 | G98: =TS_lit!P13 | H98: =TS_lit!S13 | I98: =FaF!F253 | J98: =FaF!K253 | K98: =FaF!P253 | L98: =FaF!U253 | M98: =FaF!Z253 | N98: =FaF!AE253 | O98: =FaF!AJ253 | P98: =FaF!AN253 | Q98: =FaF!AQ253 | T98: =FaF!AU253
A99: DP2 | C99: =TS_lit!D14 | D99: =TS_lit!G14 | E99: =TS_lit!J14 | F99: =TS_lit!M14 | G99: =TS_lit!P14 | H99: =TS_lit!S14 | I99: =FaF!F254 | J99: =FaF!K254 | K99: =FaF!P254 | L99: =FaF!U254 | M99: =FaF!Z254 | N99: =FaF!AE254 | O99: =FaF!AJ254 | P99: =FaF!AN254 | Q99: =FaF!AQ254 | T99: =FaF!AU254
... A109: DP12 | C109: =TS_lit!D24 | D109: =TS_lit!G24 | E109: =TS_lit!J24 | F109: =TS_lit!M24 | G109: =TS_lit!P24 | H109: =TS_lit!S24 | I109: =FaF!F264 | J109: =FaF!K264 | K109: =FaF!P264 | L109: =FaF!U264 | M109: =FaF!Z264 | N109: =FaF!AE264 | O109: =FaF!AJ264 | P109: =FaF!AN264 | Q109: =FaF!AQ264 | T109: =FaF!AU264
A110: Average | C110: =AVERAGE(C88:C109) | D110: =AVERAGE(D88:D109) | E110: =AVERAGE(E88:E109) | F110: =AVERAGE(F88:F109) | G110: =AVERAGE(G88:G109) | H110: =AVERAGE(H88:H109) | I110: =AVERAGE(I88:I109) | J110: =AVERAGE(J88:J109) | ... Q110: =AVERAGE(Q88:Q109) | T110: =AVERAGE(T88:T109)
A113: Deviation from CP: WFJSP / MK / DP ("Average (3 sets)" = mean of the three set averages; "Average (262 instances)" = mean over all instances, weights 240/10/12)
A114: Instance set | B114: Scale | C114: TS_1000_2_5 | D114: TS_2000_5_5 | E114: TS_5000_5_5 | F114: TS_10000_10_5 | G114: TS_25000_15_10 | H114: TS_50000_30_20 | I114: FaF | J114: FaFM | K114: FaFMJ | L114: FaFMx2 | M114: TS@FaF | N114: TS@FaFM | O114: TSN1@FaFM | P114: FaF Best | Q114: FaFM Best | R114: TSN1_2000_5_5 | S114: TSN1_10000_10_5 | T114: FaFMx3
A115: WFJSP | C115: =C27 | D115: =D27 | E115: =E27 | F115: =F27 | G115: =G27 | H115: =H27 | I115: =I27 | J115: =J27 | ... T115: =T27
A116: MK | C116: =AVERAGE(C61:C70) | D116: =AVERAGE(D61:D70) | E116: =AVERAGE(E61:E70) | F116: =AVERAGE(F61:F70) | G116: =AVERAGE(G61:G70) | H116: =AVERAGE(H61:H70) | I116: =AVERAGE(I61:I70) | J116: =AVERAGE(J61:J70) | ... T116: =AVERAGE(T61:T70)
A117: DP | C117: =AVERAGE(C71:C82) | D117: =AVERAGE(D71:D82) | E117: =AVERAGE(E71:E82) | F117: =AVERAGE(F71:F82) | G117: =AVERAGE(G71:G82) | H117: =AVERAGE(H71:H82) | I117: =AVERAGE(I71:I82) | J117: =AVERAGE(J71:J82) | ... T117: =AVERAGE(T71:T82)
A118: Average (3 sets) | C118: =AVERAGE(C115:C117) | D118: =AVERAGE(D115:D117) | E118: =AVERAGE(E115:E117) | F118: =AVERAGE(F115:F117) | G118: =AVERAGE(G115:G117) | H118: =AVERAGE(H115:H117) | I118: =AVERAGE(I115:I117) | J118: =AVERAGE(J115:J117) | ... T118: =AVERAGE(T115:T117)
A119: Average (262 instances) | C119: =(240*C115+10*C116+12*C117)/262 | D119: =(240*D115+10*D116+12*D117)/262 | E119: =(240*E115+10*E116+12*E117)/262 | F119: =(240*F115+10*F116+12*F117)/262 | G119: =(240*G115+10*G116+12*G117)/262 | H119: =(240*H115+10*H116+12*H117)/262 | I119: =(240*I115+10*I116+12*I117)/262 | J119: =(240*J115+10*J116+12*J117)/262 | ... T119: =(240*T115+10*T116+12*T117)/262
A121: CPU time (s): WFJSP / MK / DP ("Average (3 sets)" = mean of the three set averages; "Average (262 instances)" = mean over all instances, weights 240/10/12)
A122: Instance set | B122: Scale | C122: TS_1000_2_5 | D122: TS_2000_5_5 | E122: TS_5000_5_5 | F122: TS_10000_10_5 | G122: TS_25000_15_10 | H122: TS_50000_30_20 | I122: FaF | J122: FaFM | K122: FaFMJ | L122: FaFMx2 | M122: TS@FaF | N122: TS@FaFM | O122: TSN1@FaFM | P122: TSN1_2000_5_5 | Q122: TSN1_10000_10_5 | T122: FaFMx3
A123: WFJSP | C123: =C56 | D123: =D56 | E123: =E56 | F123: =F56 | G123: =G56 | H123: =H56 | I123: =I56 | J123: =J56 | ... Q123: =Q56 | T123: =T56
A124: MK | C124: =AVERAGE(C88:C97) | D124: =AVERAGE(D88:D97) | E124: =AVERAGE(E88:E97) | F124: =AVERAGE(F88:F97) | G124: =AVERAGE(G88:G97) | H124: =AVERAGE(H88:H97) | I124: =AVERAGE(I88:I97) | J124: =AVERAGE(J88:J97) | ... Q124: =AVERAGE(Q88:Q97) | T124: =AVERAGE(T88:T97)
A125: DP | C125: =AVERAGE(C98:C109) | D125: =AVERAGE(D98:D109) | E125: =AVERAGE(E98:E109) | F125: =AVERAGE(F98:F109) | G125: =AVERAGE(G98:G109) | H125: =AVERAGE(H98:H109) | I125: =AVERAGE(I98:I109) | J125: =AVERAGE(J98:J109) | ... Q125: =AVERAGE(Q98:Q109) | T125: =AVERAGE(T98:T109)
A126: Average (3 sets) | C126: =AVERAGE(C123:C125) | D126: =AVERAGE(D123:D125) | E126: =AVERAGE(E123:E125) | F126: =AVERAGE(F123:F125) | G126: =AVERAGE(G123:G125) | H126: =AVERAGE(H123:H125) | I126: =AVERAGE(I123:I125) | J126: =AVERAGE(J123:J125) | ... Q126: =AVERAGE(Q123:Q125) | T126: =AVERAGE(T123:T125)
A127: Average (262 instances) | C127: =(240*C123+10*C124+12*C125)/262 | D127: =(240*D123+10*D124+12*D125)/262 | E127: =(240*E123+10*E124+12*E125)/262 | F127: =(240*F123+10*F124+12*F125)/262 | G127: =(240*G123+10*G124+12*G125)/262 | H127: =(240*H123+10*H124+12*H125)/262 | I127: =(240*I123+10*I124+12*I125)/262 | J127: =(240*J123+10*J124+12*J125)/262 | ... Q127: =(240*Q123+10*Q124+12*Q125)/262 | T127: =(240*T123+10*T124+12*T125)/262

Sheet Exact Methods
A1: Scale(Jobs,M,W) | B1: Instance | C1: CP (IBM CP optimizer, 1 h, HPC) | H1: LBBD_CP_TS | N1: LBBD_CP | T1: CP_LBBD_CP | Z1: CP_LBBD_CP_TS
C2: UB | D2: LB | E2: CPU Time | F2: Gap% | G2: RPD | H2: UB | I2: LB | J2: CPU Time | K2: Gap% | L2: RPD | M2: Q | N2: UB | O2: LB | P2: CPU Time | Q2: Gap% | R2: RPD | S2: Q | T2: UB | U2: LB | V2: CPU Time | W2: Gap% | X2: RPD | Y2: Q | Z2: UB | AA2: LB | AB2: CPU Time | AC2: Gap% | AD2: RPD | AE2: Q
A3: 5*3*3 | B3: wfjsp_1_1 | C3: 268 | D3: 268 | E3: 1.375 | F3: =(C3-D3)/C3 | G3: =(C3-MIN(C3,H3,N3,T3,Z3))/MIN(C3,H3,N3,T3,Z3) | H3: 268 | I3: 268 | J3: 383.835 | K3: =(H3-I3)/H3 | L3: =(H3-MIN(C3,H3,N3,T3,Z3))/MIN(C3,H3,N3,T3,Z3) | M3: =(H3-C3)/C3 | N3: 268 | O3: 268 | P3: 410.896 | Q3: =(N3-O3)/N3 | R3: =(N3-MIN(C3,H3,N3,T3,Z3))/MIN(C3,H3,N3,T3,Z3) | S3: =(N3-C3)/C3 | T3: 268 | U3: 268 | V3: 1.34613 | W3: =(T3-U3)/T3 | X3: =(T3-MIN(C3,H3,N3,T3,Z3))/MIN(C3,H3,N3,T3,Z3) | Y3: =(T3-C3)/C3 | Z3: 268 | AA3: 268 | AB3: 1.39944 | AC3: =(Z3-AA3)/Z3 | AD3: =(Z3-MIN(C3,H3,N3,T3,Z3))/MIN(C3,H3,N3,T3,Z3) | AE3: =(Z3-C3)/C3
B4: wfjsp_1_2 | C4: 287 | D4: 287 | E4: 0.25 | F4: =(C4-D4)/C4 | G4: =(C4-MIN(C4,H4,N4,T4,Z4))/MIN(C4,H4,N4,T4,Z4) | H4: 287 | I4: 287 | J4: 212.453 | K4: =(H4-I4)/H4 | L4: =(H4-MIN(C4,H4,N4,T4,Z4))/MIN(C4,H4,N4,T4,Z4) | M4: =(H4-C4)/C4 | N4: 287 | O4: 287 | P4: 132.54 | Q4: =(N4-O4)/N4 | R4: =(N4-MIN(C4,H4,N4,T4,Z4))/MIN(C4,H4,N4,T4,Z4) | S4: =(N4-C4)/C4 | T4: 287 | U4: 287 | V4: 0.212552 | W4: =(T4-U4)/T4 | X4: =(T4-MIN(C4,H4,N4,T4,Z4))/MIN(C4,H4,N4,T4,Z4) | Y4: =(T4-C4)/C4 | Z4: 287 | AA4: 287 | AB4: 0.223913 | AC4: =(Z4-AA4)/Z4 | AD4: =(Z4-MIN(C4,H4,N4,T4,Z4))/MIN(C4,H4,N4,T4,Z4) | AE4: =(Z4-C4)/C4
B5: wfjsp_1_3 | C5: 347 | D5: 347 | E5: 0.875 | F5: =(C5-D5)/C5 | G5: =(C5-MIN(C5,H5,N5,T5,Z5))/MIN(C5,H5,N5,T5,Z5) | H5: 347 | I5: 347 | J5: 113.705 | K5: =(H5-I5)/H5 | L5: =(H5-MIN(C5,H5,N5,T5,Z5))/MIN(C5,H5,N5,T5,Z5) | M5: =(H5-C5)/C5 | N5: 347 | O5: 347 | P5: 42.4248 | Q5: =(N5-O5)/N5 | R5: =(N5-MIN(C5,H5,N5,T5,Z5))/MIN(C5,H5,N5,T5,Z5) | S5: =(N5-C5)/C5 | T5: 347 | U5: 347 | V5: 0.870813 | W5: =(T5-U5)/T5 | X5: =(T5-MIN(C5,H5,N5,T5,Z5))/MIN(C5,H5,N5,T5,Z5) | Y5: =(T5-C5)/C5 | Z5: 347 | AA5: 347 | AB5: 0.964943 | AC5: =(Z5-AA5)/Z5 | AD5: =(Z5-MIN(C5,H5,N5,T5,Z5))/MIN(C5,H5,N5,T5,Z5) | AE5: =(Z5-C5)/C5
B6: wfjsp_1_4 | C6: 315 | D6: 315 | E6: 2.5625 | F6: =(C6-D6)/C6 | G6: =(C6-MIN(C6,H6,N6,T6,Z6))/MIN(C6,H6,N6,T6,Z6) | H6: 315 | I6: 315 | J6: 1418.81 | K6: =(H6-I6)/H6 | L6: =(H6-MIN(C6,H6,N6,T6,Z6))/MIN(C6,H6,N6,T6,Z6) | M6: =(H6-C6)/C6 | N6: 315 | O6: 315 | P6: 1148.15 | Q6: =(N6-O6)/N6 | R6: =(N6-MIN(C6,H6,N6,T6,Z6))/MIN(C6,H6,N6,T6,Z6) | S6: =(N6-C6)/C6 | T6: 315 | U6: 315 | V6: 3.03582 | W6: =(T6-U6)/T6 | X6: =(T6-MIN(C6,H6,N6,T6,Z6))/MIN(C6,H6,N6,T6,Z6) | Y6: =(T6-C6)/C6 | Z6: 315 | AA6: 315 | AB6: 2.72624 | AC6: =(Z6-AA6)/Z6 | AD6: =(Z6-MIN(C6,H6,N6,T6,Z6))/MIN(C6,H6,N6,T6,Z6) | AE6: =(Z6-C6)/C6
B7: wfjsp_1_5 | C7: 265 | D7: 265 | E7: 0.875 | F7: =(C7-D7)/C7 | G7: =(C7-MIN(C7,H7,N7,T7,Z7))/MIN(C7,H7,N7,T7,Z7) | H7: 265 | I7: 265 | J7: 22.4485 | K7: =(H7-I7)/H7 | L7: =(H7-MIN(C7,H7,N7,T7,Z7))/MIN(C7,H7,N7,T7,Z7) | M7: =(H7-C7)/C7 | N7: 265 | O7: 265 | P7: 9.66402 | Q7: =(N7-O7)/N7 | R7: =(N7-MIN(C7,H7,N7,T7,Z7))/MIN(C7,H7,N7,T7,Z7) | S7: =(N7-C7)/C7 | T7: 265 | U7: 265 | V7: 0.987526 | W7: =(T7-U7)/T7 | X7: =(T7-MIN(C7,H7,N7,T7,Z7))/MIN(C7,H7,N7,T7,Z7) | Y7: =(T7-C7)/C7 | Z7: 265 | AA7: 265 | AB7: 0.971988 | AC7: =(Z7-AA7)/Z7 | AD7: =(Z7-MIN(C7,H7,N7,T7,Z7))/MIN(C7,H7,N7,T7,Z7) | AE7: =(Z7-C7)/C7
B8: wfjsp_1_6 | C8: 291 | D8: 291 | E8: 2.625 | F8: =(C8-D8)/C8 | G8: =(C8-MIN(C8,H8,N8,T8,Z8))/MIN(C8,H8,N8,T8,Z8) | H8: 291 | I8: 286 | J8: 3600.06 | K8: =(H8-I8)/H8 | L8: =(H8-MIN(C8,H8,N8,T8,Z8))/MIN(C8,H8,N8,T8,Z8) | M8: =(H8-C8)/C8 | N8: 291 | O8: 286 | P8: 3600.07 | Q8: =(N8-O8)/N8 | R8: =(N8-MIN(C8,H8,N8,T8,Z8))/MIN(C8,H8,N8,T8,Z8) | S8: =(N8-C8)/C8 | T8: 291 | U8: 291 | V8: 2.83098 | W8: =(T8-U8)/T8 | X8: =(T8-MIN(C8,H8,N8,T8,Z8))/MIN(C8,H8,N8,T8,Z8) | Y8: =(T8-C8)/C8 | Z8: 291 | AA8: 291 | AB8: 2.62391 | AC8: =(Z8-AA8)/Z8 | AD8: =(Z8-MIN(C8,H8,N8,T8,Z8))/MIN(C8,H8,N8,T8,Z8) | AE8: =(Z8-C8)/C8
B9: wfjsp_1_7 | C9: 265 | D9: 265 | E9: 2.625 | F9: =(C9-D9)/C9 | G9: =(C9-MIN(C9,H9,N9,T9,Z9))/MIN(C9,H9,N9,T9,Z9) | H9: 265 | I9: 265 | J9: 217.106 | K9: =(H9-I9)/H9 | L9: =(H9-MIN(C9,H9,N9,T9,Z9))/MIN(C9,H9,N9,T9,Z9) | M9: =(H9-C9)/C9 | N9: 265 | O9: 265 | P9: 132.094 | Q9: =(N9-O9)/N9 | R9: =(N9-MIN(C9,H9,N9,T9,Z9))/MIN(C9,H9,N9,T9,Z9) | S9: =(N9-C9)/C9 | T9: 265 | U9: 265 | V9: 2.62812 | W9: =(T9-U9)/T9 | X9: =(T9-MIN(C9,H9,N9,T9,Z9))/MIN(C9,H9,N9,T9,Z9) | Y9: =(T9-C9)/C9 | Z9: 265 | AA9: 265 | AB9: 2.8956 | AC9: =(Z9-AA9)/Z9 | AD9: =(Z9-MIN(C9,H9,N9,T9,Z9))/MIN(C9,H9,N9,T9,Z9) | AE9: =(Z9-C9)/C9
B10: wfjsp_1_8 | C10: 328 | D10: 328 | E10: 2.0625 | F10: =(C10-D10)/C10 | G10: =(C10-MIN(C10,H10,N10,T10,Z10))/MIN(C10,H10,N10,T10,Z10) | H10: 328 | I10: 328 | J10: 17.6488 | K10: =(H10-I10)/H10 | L10: =(H10-MIN(C10,H10,N10,T10,Z10))/MIN(C10,H10,N10,T10,Z10) | M10: =(H10-C10)/C10 | N10: 328 | O10: 328 | P10: 33.7391 | Q10: =(N10-O10)/N10 | R10: =(N10-MIN(C10,H10,N10,T10,Z10))/MIN(C10,H10,N10,T10,Z10) | S10: =(N10-C10)/C10 | T10: 328 | U10: 328 | V10: 2.08766 | W10: =(T10-U10)/T10 | X10: =(T10-MIN(C10,H10,N10,T10,Z10))/MIN(C10,H10,N10,T10,Z10) | Y10: =(T10-C10)/C10 | Z10: 328 | AA10: 328 | AB10: 2.23358 | AC10: =(Z10-AA10)/Z10 | AD10: =(Z10-MIN(C10,H10,N10,T10,Z10))/MIN(C10,H10,N10,T10,Z10) | AE10: =(Z10-C10)/C10
B11: wfjsp_1_9 | C11: 252 | D11: 252 | E11: 1.375 | F11: =(C11-D11)/C11 | G11: =(C11-MIN(C11,H11,N11,T11,Z11))/MIN(C11,H11,N11,T11,Z11) | H11: 252 | I11: 252 | J11: 33.4599 | K11: =(H11-I11)/H11 | L11: =(H11-MIN(C11,H11,N11,T11,Z11))/MIN(C11,H11,N11,T11,Z11) | M11: =(H11-C11)/C11 | N11: 252 | O11: 252 | P11: 17.5265 | Q11: =(N11-O11)/N11 | R11: =(N11-MIN(C11,H11,N11,T11,Z11))/MIN(C11,H11,N11,T11,Z11) | S11: =(N11-C11)/C11 | T11: 252 | U11: 252 | V11: 1.38111 | W11: =(T11-U11)/T11 | X11: =(T11-MIN(C11,H11,N11,T11,Z11))/MIN(C11,H11,N11,T11,Z11) | Y11: =(T11-C11)/C11 | Z11: 252 | AA11: 252 | AB11: 1.45413 | AC11: =(Z11-AA11)/Z11 | AD11: =(Z11-MIN(C11,H11,N11,T11,Z11))/MIN(C11,H11,N11,T11,Z11) | AE11: =(Z11-C11)/C11
B12: wfjsp_1_10 | C12: 316 | D12: 316 | E12: 8.125 | F12: =(C12-D12)/C12 | G12: =(C12-MIN(C12,H12,N12,T12,Z12))/MIN(C12,H12,N12,T12,Z12) | H12: 316 | I12: 316 | J12: 4.02357 | K12: =(H12-I12)/H12 | L12: =(H12-MIN(C12,H12,N12,T12,Z12))/MIN(C12,H12,N12,T12,Z12) | M12: =(H12-C12)/C12 | N12: 316 | O12: 316 | P12: 9.01683 | Q12: =(N12-O12)/N12 | R12: =(N12-MIN(C12,H12,N12,T12,Z12))/MIN(C12,H12,N12,T12,Z12) | S12: =(N12-C12)/C12 | T12: 316 | U12: 316 | V12: 8.91891 | W12: =(T12-U12)/T12 | X12: =(T12-MIN(C12,H12,N12,T12,Z12))/MIN(C12,H12,N12,T12,Z12) | Y12: =(T12-C12)/C12 | Z12: 316 | AA12: 316 | AB12: 8.16091 | AC12: =(Z12-AA12)/Z12 | AD12: =(Z12-MIN(C12,H12,N12,T12,Z12))/MIN(C12,H12,N12,T12,Z12) | AE12: =(Z12-C12)/C12
A13: 7*3*3 | B13: wfjsp_2_1 | C13: 336 | D13: 336 | E13: 32.2812 | F13: =(C13-D13)/C13 | G13: =(C13-MIN(C13,H13,N13,T13,Z13))/MIN(C13,H13,N13,T13,Z13) | H13: 336 | I13: 336 | J13: 108.112 | K13: =(H13-I13)/H13 | L13: =(H13-MIN(C13,H13,N13,T13,Z13))/MIN(C13,H13,N13,T13,Z13) | M13: =(H13-C13)/C13 | N13: 336 | O13: 336 | P13: 102.309 | Q13: =(N13-O13)/N13 | R13: =(N13-MIN(C13,H13,N13,T13,Z13))/MIN(C13,H13,N13,T13,Z13) | S13: =(N13-C13)/C13 | T13: 336 | U13: 336 | V13: 37.5062 | W13: =(T13-U13)/T13 | X13: =(T13-MIN(C13,H13,N13,T13,Z13))/MIN(C13,H13,N13,T13,Z13) | Y13: =(T13-C13)/C13 | Z13: 336 | AA13: 336 | AB13: 35.4842 | AC13: =(Z13-AA13)/Z13 | AD13: =(Z13-MIN(C13,H13,N13,T13,Z13))/MIN(C13,H13,N13,T13,Z13) | AE13: =(Z13-C13)/C13
B14: wfjsp_2_2 | C14: 368 | D14: 368 | E14: 29 | F14: =(C14-D14)/C14 | G14: =(C14-MIN(C14,H14,N14,T14,Z14))/MIN(C14,H14,N14,T14,Z14) | H14: 368 | I14: 368 | J14: 18.1698 | K14: =(H14-I14)/H14 | L14: =(H14-MIN(C14,H14,N14,T14,Z14))/MIN(C14,H14,N14,T14,Z14) | M14: =(H14-C14)/C14 | N14: 368 | O14: 368 | P14: 16.3102 | Q14: =(N14-O14)/N14 | R14: =(N14-MIN(C14,H14,N14,T14,Z14))/MIN(C14,H14,N14,T14,Z14) | S14: =(N14-C14)/C14 | T14: 368 | U14: 368 | V14: 31.315 | W14: =(T14-U14)/T14 | X14: =(T14-MIN(C14,H14,N14,T14,Z14))/MIN(C14,H14,N14,T14,Z14) | Y14: =(T14-C14)/C14 | Z14: 368 | AA14: 368 | AB14: 30.6267 | AC14: =(Z14-AA14)/Z14 | AD14: =(Z14-MIN(C14,H14,N14,T14,Z14))/MIN(C14,H14,N14,T14,Z14) | AE14: =(Z14-C14)/C14
B15: wfjsp_2_3 | C15: 421 | D15: 421 | E15: 16.5 | F15: =(C15-D15)/C15 | G15: =(C15-MIN(C15,H15,N15,T15,Z15))/MIN(C15,H15,N15,T15,Z15) | H15: 421 | I15: 417 | J15: 3600 | K15: =(H15-I15)/H15 | L15: =(H15-MIN(C15,H15,N15,T15,Z15))/MIN(C15,H15,N15,T15,Z15) | M15: =(H15-C15)/C15 | N15: 421 | O15: 416 | P15: 3600.27 | Q15: =(N15-O15)/N15 | R15: =(N15-MIN(C15,H15,N15,T15,Z15))/MIN(C15,H15,N15,T15,Z15) | S15: =(N15-C15)/C15 | T15: 421 | U15: 421 | V15: 16.0182 | W15: =(T15-U15)/T15 | X15: =(T15-MIN(C15,H15,N15,T15,Z15))/MIN(C15,H15,N15,T15,Z15) | Y15: =(T15-C15)/C15 | Z15: 421 | AA15: 421 | AB15: 18.2531 | AC15: =(Z15-AA15)/Z15 | AD15: =(Z15-MIN(C15,H15,N15,T15,Z15))/MIN(C15,H15,N15,T15,Z15) | AE15: =(Z15-C15)/C15
B16: wfjsp_2_4 | C16: 378 | D16: 378 | E16: 54.3125 | F16: =(C16-D16)/C16 | G16: =(C16-MIN(C16,H16,N16,T16,Z16))/MIN(C16,H16,N16,T16,Z16) | H16: 378 | I16: 378 | J16: 101.257 | K16: =(H16-I16)/H16 | L16: =(H16-MIN(C16,H16,N16,T16,Z16))/MIN(C16,H16,N16,T16,Z16) | M16: =(H16-C16)/C16 | N16: 378 | O16: 378 | P16: 63.3897 | Q16: =(N16-O16)/N16 | R16: =(N16-MIN(C16,H16,N16,T16,Z16))/MIN(C16,H16,N16,T16,Z16) | S16: =(N16-C16)/C16 | T16: 378 | U16: 378 | V16: 54.0686 | W16: =(T16-U16)/T16 | X16: =(T16-MIN(C16,H16,N16,T16,Z16))/MIN(C16,H16,N16,T16,Z16) | Y16: =(T16-C16)/C16 | Z16: 378 | AA16: 378 | AB16: 54.2218 | AC16: =(Z16-AA16)/Z16 | AD16: =(Z16-MIN(C16,H16,N16,T16,Z16))/MIN(C16,H16,N16,T16,Z16) | AE16: =(Z16-C16)/C16
B17: wfjsp_2_5 | C17: 270 | D17: 270 | E17: 1.75 | F17: =(C17-D17)/C17 | G17: =(C17-MIN(C17,H17,N17,T17,Z17))/MIN(C17,H17,N17,T17,Z17) | H17: 270 | I17: 270 | J17: 2.73361 | K17: =(H17-I17)/H17 | L17: =(H17-MIN(C17,H17,N17,T17,Z17))/MIN(C17,H17,N17,T17,Z17) | M17: =(H17-C17)/C17 | N17: 270 | O17: 270 | P17: 2.79719 | Q17: =(N17-O17)/N17 | R17: =(N17-MIN(C17,H17,N17,T17,Z17))/MIN(C17,H17,N17,T17,Z17) | S17: =(N17-C17)/C17 | T17: 270 | U17: 270 | V17: 1.92023 | W17: =(T17-U17)/T17 | X17: =(T17-MIN(C17,H17,N17,T17,Z17))/MIN(C17,H17,N17,T17,Z17) | Y17: =(T17-C17)/C17 | Z17: 270 | AA17: 270 | AB17: 1.81399 | AC17: =(Z17-AA17)/Z17 | AD17: =(Z17-MIN(C17,H17,N17,T17,Z17))/MIN(C17,H17,N17,T17,Z17) | AE17: =(Z17-C17)/C17
B18: wfjsp_2_6 | C18: 416 | D18: 416 | E18: 135.125 | F18: =(C18-D18)/C18 | G18: =(C18-MIN(C18,H18,N18,T18,Z18))/MIN(C18,H18,N18,T18,Z18) | H18: 416 | I18: 416 | J18: 81.8405 | K18: =(H18-I18)/H18 | L18: =(H18-MIN(C18,H18,N18,T18,Z18))/MIN(C18,H18,N18,T18,Z18) | M18: =(H18-C18)/C18 | N18: 416 | O18: 416 | P18: 54.6786 | Q18: =(N18-O18)/N18 | R18: =(N18-MIN(C18,H18,N18,T18,Z18))/MIN(C18,H18,N18,T18,Z18) | S18: =(N18-C18)/C18 | T18: 416 | U18: 416 | V18: 141.921 | W18: =(T18-U18)/T18 | X18: =(T18-MIN(C18,H18,N18,T18,Z18))/MIN(C18,H18,N18,T18,Z18) | Y18: =(T18-C18)/C18 | Z18: 416 | AA18: 416 | AB18: 129.214 | AC18: =(Z18-AA18)/Z18 | AD18: =(Z18-MIN(C18,H18,N18,T18,Z18))/MIN(C18,H18,N18,T18,Z18) | AE18: =(Z18-C18)/C18
B19: wfjsp_2_7 | C19: 395 | D19: 395 | E19: 194.625 | F19: =(C19-D19)/C19 | G19: =(C19-MIN(C19,H19,N19,T19,Z19))/MIN(C19,H19,N19,T19,Z19) | H19: 395 | I19: 395 | J19: 426.381 | K19: =(H19-I19)/H19 | L19: =(H19-MIN(C19,H19,N19,T19,Z19))/MIN(C19,H19,N19,T19,Z19) | M19: =(H19-C19)/C19 | N19: 395 | O19: 395 | P19: 401.003 | Q19: =(N19-O19)/N19 | R19: =(N19-MIN(C19,H19,N19,T19,Z19))/MIN(C19,H19,N19,T19,Z19) | S19: =(N19-C19)/C19 | T19: 395 | U19: 395 | V19: 201.031 | W19: =(T19-U19)/T19 | X19: =(T19-MIN(C19,H19,N19,T19,Z19))/MIN(C19,H19,N19,T19,Z19) | Y19: =(T19-C19)/C19 | Z19: 395 | AA19: 395 | AB19: 189.994 | AC19: =(Z19-AA19)/Z19 | AD19: =(Z19-MIN(C19,H19,N19,T19,Z19))/MIN(C19,H19,N19,T19,Z19) | AE19: =(Z19-C19)/C19
B20: wfjsp_2_8 | C20: 414 | D20: 414 | E20: 68 | F20: =(C20-D20)/C20 | G20: =(C20-MIN(C20,H20,N20,T20,Z20))/MIN(C20,H20,N20,T20,Z20) | H20: 414 | I20: 414 | J20: 74.9522 | K20: =(H20-I20)/H20 | L20: =(H20-MIN(C20,H20,N20,T20,Z20))/MIN(C20,H20,N20,T20,Z20) | M20: =(H20-C20)/C20 | N20: 414 | O20: 414 | P20: 169.635 | Q20: =(N20-O20)/N20 | R20: =(N20-MIN(C20,H20,N20,T20,Z20))/MIN(C20,H20,N20,T20,Z20) | S20: =(N20-C20)/C20 | T20: 414 | U20: 414 | V20: 78.6095 | W20: =(T20-U20)/T20 | X20: =(T20-MIN(C20,H20,N20,T20,Z20))/MIN(C20,H20,N20,T20,Z20) | Y20: =(T20-C20)/C20 | Z20: 414 | AA20: 414 | AB20: 68.7183 | AC20: =(Z20-AA20)/Z20 | AD20: =(Z20-MIN(C20,H20,N20,T20,Z20))/MIN(C20,H20,N20,T20,Z20) | AE20: =(Z20-C20)/C20
B21: wfjsp_2_9 | C21: 329 | D21: 329 | E21: 12.25 | F21: =(C21-D21)/C21 | G21: =(C21-MIN(C21,H21,N21,T21,Z21))/MIN(C21,H21,N21,T21,Z21) | H21: 329 | I21: 329 | J21: 113.883 | K21: =(H21-I21)/H21 | L21: =(H21-MIN(C21,H21,N21,T21,Z21))/MIN(C21,H21,N21,T21,Z21) | M21: =(H21-C21)/C21 | N21: 329 | O21: 329 | P21: 65.7746 | Q21: =(N21-O21)/N21 | R21: =(N21-MIN(C21,H21,N21,T21,Z21))/MIN(C21,H21,N21,T21,Z21) | S21: =(N21-C21)/C21 | T21: 329 | U21: 329 | V21: 13.2989 | W21: =(T21-U21)/T21 | X21: =(T21-MIN(C21,H21,N21,T21,Z21))/MIN(C21,H21,N21,T21,Z21) | Y21: =(T21-C21)/C21 | Z21: 329 | AA21: 329 | AB21: 12.2505 | AC21: =(Z21-AA21)/Z21 | AD21: =(Z21-MIN(C21,H21,N21,T21,Z21))/MIN(C21,H21,N21,T21,Z21) | AE21: =(Z21-C21)/C21
B22: wfjsp_2_10 | C22: 489 | D22: 230 | E22: 3600 | F22: =(C22-D22)/C22 | G22: =(C22-MIN(C22,H22,N22,T22,Z22))/MIN(C22,H22,N22,T22,Z22) | H22: 489 | I22: 489 | J22: 1.9847 | K22: =(H22-I22)/H22 | L22: =(H22-MIN(C22,H22,N22,T22,Z22))/MIN(C22,H22,N22,T22,Z22) | M22: =(H22-C22)/C22 | N22: 489 | O22: 489 | P22: 28.6586 | Q22: =(N22-O22)/N22 | R22: =(N22-MIN(C22,H22,N22,T22,Z22))/MIN(C22,H22,N22,T22,Z22) | S22: =(N22-C22)/C22 | T22: 489 | U22: 489 | V22: 1801.06 | W22: =(T22-U22)/T22 | X22: =(T22-MIN(C22,H22,N22,T22,Z22))/MIN(C22,H22,N22,T22,Z22) | Y22: =(T22-C22)/C22 | Z22: 489 | AA22: 489 | AB22: 1800.39 | AC22: =(Z22-AA22)/Z22 | AD22: =(Z22-MIN(C22,H22,N22,T22,Z22))/MIN(C22,H22,N22,T22,Z22) | AE22: =(Z22-C22)/C22
A23: 7*4*4 | B23: wfjsp_3_1 | C23: 419 | D23: 419 | E23: 81.8594 | F23: =(C23-D23)/C23 | G23: =(C23-MIN(C23,H23,N23,T23,Z23))/MIN(C23,H23,N23,T23,Z23) | H23: 419 | I23: 418 | J23: 3600.52 | K23: =(H23-I23)/H23 | L23: =(H23-MIN(C23,H23,N23,T23,Z23))/MIN(C23,H23,N23,T23,Z23) | M23: =(H23-C23)/C23 | N23: 419 | O23: 418 | P23: 3600.16 | Q23: =(N23-O23)/N23 | R23: =(N23-MIN(C23,H23,N23,T23,Z23))/MIN(C23,H23,N23,T23,Z23) | S23: =(N23-C23)/C23 | T23: 419 | U23: 419 | V23: 81.1368 | W23: =(T23-U23)/T23 | X23: =(T23-MIN(C23,H23,N23,T23,Z23))/MIN(C23,H23,N23,T23,Z23) | Y23: =(T23-C23)/C23 | Z23: 419 | AA23: 419 | AB23: 88.2001 | AC23: =(Z23-AA23)/Z23 | AD23: =(Z23-MIN(C23,H23,N23,T23,Z23))/MIN(C23,H23,N23,T23,Z23) | AE23: =(Z23-C23)/C23
B24: wfjsp_3_2 | C24: 543 | D24: 543 | E24: 202.594 | F24: =(C24-D24)/C24 | G24: =(C24-MIN(C24,H24,N24,T24,Z24))/MIN(C24,H24,N24,T24,Z24) | H24: 543 | I24: 538 | J24: 3600 | K24: =(H24-I24)/H24 | L24: =(H24-MIN(C24,H24,N24,T24,Z24))/MIN(C24,H24,N24,T24,Z24) | M24: =(H24-C24)/C24 | N24: 543 | O24: 538 | P24: 3600.03 | Q24: =(N24-O24)/N24 | R24: =(N24-MIN(C24,H24,N24,T24,Z24))/MIN(C24,H24,N24,T24,Z24) | S24: =(N24-C24)/C24 | T24: 543 | U24: 543 | V24: 223.209 | W24: =(T24-U24)/T24 | X24: =(T24-MIN(C24,H24,N24,T24,Z24))/MIN(C24,H24,N24,T24,Z24) | Y24: =(T24-C24)/C24 | Z24: 543 | AA24: 543 | AB24: 212.717 | AC24: =(Z24-AA24)/Z24 | AD24: =(Z24-MIN(C24,H24,N24,T24,Z24))/MIN(C24,H24,N24,T24,Z24) | AE24: =(Z24-C24)/C24
B25: wfjsp_3_3 | C25: 383 | D25: 383 | E25: 1.5 | F25: =(C25-D25)/C25 | G25: =(C25-MIN(C25,H25,N25,T25,Z25))/MIN(C25,H25,N25,T25,Z25) | H25: 383 | I25: 371 | J25: 3600 | K25: =(H25-I25)/H25 | L25: =(H25-MIN(C25,H25,N25,T25,Z25))/MIN(C25,H25,N25,T25,Z25) | M25: =(H25-C25)/C25 | N25: 383 | O25: 371 | P25: 3600.38 | Q25: =(N25-O25)/N25 | R25: =(N25-MIN(C25,H25,N25,T25,Z25))/MIN(C25,H25,N25,T25,Z25) | S25: =(N25-C25)/C25 | T25: 383 | U25: 383 | V25: 1.50785 | W25: =(T25-U25)/T25 | X25: =(T25-MIN(C25,H25,N25,T25,Z25))/MIN(C25,H25,N25,T25,Z25) | Y25: =(T25-C25)/C25 | Z25: 383 | AA25: 383 | AB25: 1.3114 | AC25: =(Z25-AA25)/Z25 | AD25: =(Z25-MIN(C25,H25,N25,T25,Z25))/MIN(C25,H25,N25,T25,Z25) | AE25: =(Z25-C25)/C25
B26: wfjsp_3_4 | C26: 443 | D26: 443 | E26: 70.875 | F26: =(C26-D26)/C26 | G26: =(C26-MIN(C26,H26,N26,T26,Z26))/MIN(C26,H26,N26,T26,Z26) | H26: 443 | I26: 437 | J26: 3600 | K26: =(H26-I26)/H26 | L26: =(H26-MIN(C26,H26,N26,T26,Z26))/MIN(C26,H26,N26,T26,Z26) | M26: =(H26-C26)/C26 | N26: 446 | O26: 437 | P26: 3600.02 | Q26: =(N26-O26)/N26 | R26: =(N26-MIN(C26,H26,N26,T26,Z26))/MIN(C26,H26,N26,T26,Z26) | S26: =(N26-C26)/C26 | T26: 443 | U26: 443 | V26: 77.8614 | W26: =(T26-U26)/T26 | X26: =(T26-MIN(C26,H26,N26,T26,Z26))/MIN(C26,H26,N26,T26,Z26) | Y26: =(T26-C26)/C26 | Z26: 443 | AA26: 443 | AB26: 74.1245 | AC26: =(Z26-AA26)/Z26 | AD26: =(Z26-MIN(C26,H26,N26,T26,Z26))/MIN(C26,H26,N26,T26,Z26) | AE26: =(Z26-C26)/C26
B27: wfjsp_3_5 | C27: 284 | D27: 284 | E27: 5.25 | F27: =(C27-D27)/C27 | G27: =(C27-MIN(C27,H27,N27,T27,Z27))/MIN(C27,H27,N27,T27,Z27) | H27: 284 | I27: 277 | J27: 3600.09 | K27: =(H27-I27)/H27 | L27: =(H27-MIN(C27,H27,N27,T27,Z27))/MIN(C27,H27,N27,T27,Z27) | M27: =(H27-C27)/C27 | N27: 284 | O27: 277 | P27: 3600.24 | Q27: =(N27-O27)/N27 | R27: =(N27-MIN(C27,H27,N27,T27,Z27))/MIN(C27,H27,N27,T27,Z27) | S27: =(N27-C27)/C27 | T27: 284 | U27: 284 | V27: 6.12289 | W27: =(T27-U27)/T27 | X27: =(T27-MIN(C27,H27,N27,T27,Z27))/MIN(C27,H27,N27,T27,Z27) | Y27: =(T27-C27)/C27 | Z27: 284 | AA27: 284 | AB27: 5.64674 | AC27: =(Z27-AA27)/Z27 | AD27: =(Z27-MIN(C27,H27,N27,T27,Z27))/MIN(C27,H27,N27,T27,Z27) | AE27: =(Z27-C27)/C27
B28: wfjsp_3_6 | C28: 529 | D28: 529 | E28: 2663.88 | F28: =(C28-D28)/C28 | G28: =(C28-MIN(C28,H28,N28,T28,Z28))/MIN(C28,H28,N28,T28,Z28) | H28: 529 | I28: 510 | J28: 3600.33 | K28: =(H28-I28)/H28 | L28: =(H28-MIN(C28,H28,N28,T28,Z28))/MIN(C28,H28,N28,T28,Z28) | M28: =(H28-C28)/C28 | N28: 532 | O28: 510 | P28: 3600.91 | Q28: =(N28-O28)/N28 | R28: =(N28-MIN(C28,H28,N28,T28,Z28))/MIN(C28,H28,N28,T28,Z28) | S28: =(N28-C28)/C28 | T28: 529 | U28: 509 | V28: 3600.17 | W28: =(T28-U28)/T28 | X28: =(T28-MIN(C28,H28,N28,T28,Z28))/MIN(C28,H28,N28,T28,Z28) | Y28: =(T28-C28)/C28 | Z28: 529 | AA28: 509 | AB28: 3601.05 | AC28: =(Z28-AA28)/Z28 | AD28: =(Z28-MIN(C28,H28,N28,T28,Z28))/MIN(C28,H28,N28,T28,Z28) | AE28: =(Z28-C28)/C28
B29: wfjsp_3_7 | C29: 342 | D29: 342 | E29: 7.34375 | F29: =(C29-D29)/C29 | G29: =(C29-MIN(C29,H29,N29,T29,Z29))/MIN(C29,H29,N29,T29,Z29) | H29: 342 | I29: 334 | J29: 3600 | K29: =(H29-I29)/H29 | L29: =(H29-MIN(C29,H29,N29,T29,Z29))/MIN(C29,H29,N29,T29,Z29) | M29: =(H29-C29)/C29 | N29: 345 | O29: 334 | P29: 3600.15 | Q29: =(N29-O29)/N29 | R29: =(N29-MIN(C29,H29,N29,T29,Z29))/MIN(C29,H29,N29,T29,Z29) | S29: =(N29-C29)/C29 | T29: 342 | U29: 342 | V29: 9.16911 | W29: =(T29-U29)/T29 | X29: =(T29-MIN(C29,H29,N29,T29,Z29))/MIN(C29,H29,N29,T29,Z29) | Y29: =(T29-C29)/C29 | Z29: 342 | AA29: 342 | AB29: 8.22108 | AC29: =(Z29-AA29)/Z29 | AD29: =(Z29-MIN(C29,H29,N29,T29,Z29))/MIN(C29,H29,N29,T29,Z29) | AE29: =(Z29-C29)/C29
B30: wfjsp_3_8 | C30: 492 | D30: 492 | E30: 163.312 | F30: =(C30-D30)/C30 | G30: =(C30-MIN(C30,H30,N30,T30,Z30))/MIN(C30,H30,N30,T30,Z30) | H30: 492 | I30: 486 | J30: 3600.08 | K30: =(H30-I30)/H30 | L30: =(H30-MIN(C30,H30,N30,T30,Z30))/MIN(C30,H30,N30,T30,Z30) | M30: =(H30-C30)/C30 | N30: 492 | O30: 486 | P30: 3600.02 | Q30: =(N30-O30)/N30 | R30: =(N30-MIN(C30,H30,N30,T30,Z30))/MIN(C30,H30,N30,T30,Z30) | S30: =(N30-C30)/C30 | T30: 492 | U30: 492 | V30: 170.911 | W30: =(T30-U30)/T30 | X30: =(T30-MIN(C30,H30,N30,T30,Z30))/MIN(C30,H30,N30,T30,Z30) | Y30: =(T30-C30)/C30 | Z30: 492 | AA30: 492 | AB30: 162.087 | AC30: =(Z30-AA30)/Z30 | AD30: =(Z30-MIN(C30,H30,N30,T30,Z30))/MIN(C30,H30,N30,T30,Z30) | AE30: =(Z30-C30)/C30
B31: wfjsp_3_9 | C31: 534 | D31: 534 | E31: 2 | F31: =(C31-D31)/C31 | G31: =(C31-MIN(C31,H31,N31,T31,Z31))/MIN(C31,H31,N31,T31,Z31) | H31: 534 | I31: 497 | J31: 3600.28 | K31: =(H31-I31)/H31 | L31: =(H31-MIN(C31,H31,N31,T31,Z31))/MIN(C31,H31,N31,T31,Z31) | M31: =(H31-C31)/C31 | N31: 534 | O31: 497 | P31: 3601.38 | Q31: =(N31-O31)/N31 | R31: =(N31-MIN(C31,H31,N31,T31,Z31))/MIN(C31,H31,N31,T31,Z31) | S31: =(N31-C31)/C31 | T31: 534 | U31: 534 | V31: 2.11329 | W31: =(T31-U31)/T31 | X31: =(T31-MIN(C31,H31,N31,T31,Z31))/MIN(C31,H31,N31,T31,Z31) | Y31: =(T31-C31)/C31 | Z31: 534 | AA31: 534 | AB31: 2.14756 | AC31: =(Z31-AA31)/Z31 | AD31: =(Z31-MIN(C31,H31,N31,T31,Z31))/MIN(C31,H31,N31,T31,Z31) | AE31: =(Z31-C31)/C31
B32: wfjsp_3_10 | C32: 455 | D32: 455 | E32: 11.125 | F32: =(C32-D32)/C32 | G32: =(C32-MIN(C32,H32,N32,T32,Z32))/MIN(C32,H32,N32,T32,Z32) | H32: 455 | I32: 410 | J32: 3600.09 | K32: =(H32-I32)/H32 | L32: =(H32-MIN(C32,H32,N32,T32,Z32))/MIN(C32,H32,N32,T32,Z32) | M32: =(H32-C32)/C32 | N32: 455 | O32: 409 | P32: 3600.29 | Q32: =(N32-O32)/N32 | R32: =(N32-MIN(C32,H32,N32,T32,Z32))/MIN(C32,H32,N32,T32,Z32) | S32: =(N32-C32)/C32 | T32: 455 | U32: 455 | V32: 11.5272 | W32: =(T32-U32)/T32 | X32: =(T32-MIN(C32,H32,N32,T32,Z32))/MIN(C32,H32,N32,T32,Z32) | Y32: =(T32-C32)/C32 | Z32: 455 | AA32: 455 | AB32: 11.0019 | AC32: =(Z32-AA32)/Z32 | AD32: =(Z32-MIN(C32,H32,N32,T32,Z32))/MIN(C32,H32,N32,T32,Z32) | AE32: =(Z32-C32)/C32
A33: 10*5*5 | B33: wfjsp_4_1 | C33: 277 | D33: 277 | E33: 1230 | F33: =(C33-D33)/C33 | G33: =(C33-MIN(C33,H33,N33,T33,Z33))/MIN(C33,H33,N33,T33,Z33) | H33: 281 | I33: 272 | J33: 3600.32 | K33: =(H33-I33)/H33 | L33: =(H33-MIN(C33,H33,N33,T33,Z33))/MIN(C33,H33,N33,T33,Z33) | M33: =(H33-C33)/C33 | N33: 288 | O33: 272 | P33: 3600.57 | Q33: =(N33-O33)/N33 | R33: =(N33-MIN(C33,H33,N33,T33,Z33))/MIN(C33,H33,N33,T33,Z33) | S33: =(N33-C33)/C33 | T33: 277 | U33: 277 | V33: 1345.61 | W33: =(T33-U33)/T33 | X33: =(T33-MIN(C33,H33,N33,T33,Z33))/MIN(C33,H33,N33,T33,Z33) | Y33: =(T33-C33)/C33 | Z33: 277 | AA33: 277 | AB33: 1163.27 | AC33: =(Z33-AA33)/Z33 | AD33: =(Z33-MIN(C33,H33,N33,T33,Z33))/MIN(C33,H33,N33,T33,Z33) | AE33: =(Z33-C33)/C33
B34: wfjsp_4_2 | C34: 350 | D34: 253 | E34: 3600 | F34: =(C34-D34)/C34 | G34: =(C34-MIN(C34,H34,N34,T34,Z34))/MIN(C34,H34,N34,T34,Z34) | H34: 348 | I34: 343 | J34: 3600 | K34: =(H34-I34)/H34 | L34: =(H34-MIN(C34,H34,N34,T34,Z34))/MIN(C34,H34,N34,T34,Z34) | M34: =(H34-C34)/C34 | N34: 352 | O34: 343 | P34: 3601.12 | Q34: =(N34-O34)/N34 | R34: =(N34-MIN(C34,H34,N34,T34,Z34))/MIN(C34,H34,N34,T34,Z34) | S34: =(N34-C34)/C34 | T34: 350 | U34: 342 | V34: 3600.52 | W34: =(T34-U34)/T34 | X34: =(T34-MIN(C34,H34,N34,T34,Z34))/MIN(C34,H34,N34,T34,Z34) | Y34: =(T34-C34)/C34 | Z34: 350 | AA34: 342 | AB34: 3600.79 | AC34: =(Z34-AA34)/Z34 | AD34: =(Z34-MIN(C34,H34,N34,T34,Z34))/MIN(C34,H34,N34,T34,Z34) | AE34: =(Z34-C34)/C34
B35: wfjsp_4_3 | C35: 360 | D35: 360 | E35: 376.5 | F35: =(C35-D35)/C35 | G35: =(C35-MIN(C35,H35,N35,T35,Z35))/MIN(C35,H35,N35,T35,Z35) | H35: 360 | I35: 350 | J35: 3601.11 | K35: =(H35-I35)/H35 | L35: =(H35-MIN(C35,H35,N35,T35,Z35))/MIN(C35,H35,N35,T35,Z35) | M35: =(H35-C35)/C35 | N35: 376 | O35: 350 | P35: 3600.04 | Q35: =(N35-O35)/N35 | R35: =(N35-MIN(C35,H35,N35,T35,Z35))/MIN(C35,H35,N35,T35,Z35) | S35: =(N35-C35)/C35 | T35: 360 | U35: 360 | V35: 388.593 | W35: =(T35-U35)/T35 | X35: =(T35-MIN(C35,H35,N35,T35,Z35))/MIN(C35,H35,N35,T35,Z35) | Y35: =(T35-C35)/C35 | Z35: 360 | AA35: 360 | AB35: 413.864 | AC35: =(Z35-AA35)/Z35 | AD35: =(Z35-MIN(C35,H35,N35,T35,Z35))/MIN(C35,H35,N35,T35,Z35) | AE35: =(Z35-C35)/C35
B36: wfjsp_4_4 | C36: 320 | D36: 227 | E36: 3600.03 | F36: =(C36-D36)/C36 | G36: =(C36-MIN(C36,H36,N36,T36,Z36))/MIN(C36,H36,N36,T36,Z36) | H36: 321 | I36: 313 | J36: 3600.3 | K36: =(H36-I36)/H36 | L36: =(H36-MIN(C36,H36,N36,T36,Z36))/MIN(C36,H36,N36,T36,Z36) | M36: =(H36-C36)/C36 | N36: 321 | O36: 313 | P36: 3600.54 | Q36: =(N36-O36)/N36 | R36: =(N36-MIN(C36,H36,N36,T36,Z36))/MIN(C36,H36,N36,T36,Z36) | S36: =(N36-C36)/C36 | T36: 320 | U36: 312 | V36: 3600.5 | W36: =(T36-U36)/T36 | X36: =(T36-MIN(C36,H36,N36,T36,Z36))/MIN(C36,H36,N36,T36,Z36) | Y36: =(T36-C36)/C36 | Z36: 320 | AA36: 312 | AB36: 3601.02 | AC36: =(Z36-AA36)/Z36 | AD36: =(Z36-MIN(C36,H36,N36,T36,Z36))/MIN(C36,H36,N36,T36,Z36) | AE36: =(Z36-C36)/C36
B37: wfjsp_4_5 | C37: 290 | D37: 290 | E37: 2.5 | F37: =(C37-D37)/C37 | G37: =(C37-MIN(C37,H37,N37,T37,Z37))/MIN(C37,H37,N37,T37,Z37) | H37: 290 | I37: 260 | J37: 3600 | K37: =(H37-I37)/H37 | L37: =(H37-MIN(C37,H37,N37,T37,Z37))/MIN(C37,H37,N37,T37,Z37) | M37: =(H37-C37)/C37 | N37: 290 | O37: 260 | P37: 3600.67 | Q37: =(N37-O37)/N37 | R37: =(N37-MIN(C37,H37,N37,T37,Z37))/MIN(C37,H37,N37,T37,Z37) | S37: =(N37-C37)/C37 | T37: 290 | U37: 290 | V37: 3.18454 | W37: =(T37-U37)/T37 | X37: =(T37-MIN(C37,H37,N37,T37,Z37))/MIN(C37,H37,N37,T37,Z37) | Y37: =(T37-C37)/C37 | Z37: 290 | AA37: 290 | AB37: 2.58886 | AC37: =(Z37-AA37)/Z37 | AD37: =(Z37-MIN(C37,H37,N37,T37,Z37))/MIN(C37,H37,N37,T37,Z37) | AE37: =(Z37-C37)/C37
B38: wfjsp_4_6 | C38: 355 | D38: 260 | E38: 3600.12 | F38: =(C38-D38)/C38 | G38: =(C38-MIN(C38,H38,N38,T38,Z38))/MIN(C38,H38,N38,T38,Z38) | H38: 355 | I38: 346 | J38: 3600.5 | K38: =(H38-I38)/H38 | L38: =(H38-MIN(C38,H38,N38,T38,Z38))/MIN(C38,H38,N38,T38,Z38) | M38: =(H38-C38)/C38 | N38: 371 | O38: 346 | P38: 3600.81 | Q38: =(N38-O38)/N38 | R38: =(N38-MIN(C38,H38,N38,T38,Z38))/MIN(C38,H38,N38,T38,Z38) | S38: =(N38-C38)/C38 | T38: 355 | U38: 346 | V38: 3600.73 | W38: =(T38-U38)/T38 | X38: =(T38-MIN(C38,H38,N38,T38,Z38))/MIN(C38,H38,N38,T38,Z38) | Y38: =(T38-C38)/C38 | Z38: 355 | AA38: 346 | AB38: 3600.49 | AC38: =(Z38-AA38)/Z38 | AD38: =(Z38-MIN(C38,H38,N38,T38,Z38))/MIN(C38,H38,N38,T38,Z38) | AE38: =(Z38-C38)/C38
B39: wfjsp_4_7 | C39: 288 | D39: 288 | E39: 442 | F39: =(C39-D39)/C39 | G39: =(C39-MIN(C39,H39,N39,T39,Z39))/MIN(C39,H39,N39,T39,Z39) | H39: 290 | I39: 286 | J39: 3600.22 | K39: =(H39-I39)/H39 | L39: =(H39-MIN(C39,H39,N39,T39,Z39))/MIN(C39,H39,N39,T39,Z39) | M39: =(H39-C39)/C39 | N39: 291 | O39: 286 | P39: 3600.34 | Q39: =(N39-O39)/N39 | R39: =(N39-MIN(C39,H39,N39,T39,Z39))/MIN(C39,H39,N39,T39,Z39) | S39: =(N39-C39)/C39 | T39: 288 | U39: 288 | V39: 440.422 | W39: =(T39-U39)/T39 | X39: =(T39-MIN(C39,H39,N39,T39,Z39))/MIN(C39,H39,N39,T39,Z39) | Y39: =(T39-C39)/C39 | Z39: 288 | AA39: 288 | AB39: 451.101 | AC39: =(Z39-AA39)/Z39 | AD39: =(Z39-MIN(C39,H39,N39,T39,Z39))/MIN(C39,H39,N39,T39,Z39) | AE39: =(Z39-C39)/C39
B40: wfjsp_4_8 | C40: 316 | D40: 213 | E40: 3600.02 | F40: =(C40-D40)/C40 | G40: =(C40-MIN(C40,H40,N40,T40,Z40))/MIN(C40,H40,N40,T40,Z40) | H40: 317 | I40: 307 | J40: 3600 | K40: =(H40-I40)/H40 | L40: =(H40-MIN(C40,H40,N40,T40,Z40))/MIN(C40,H40,N40,T40,Z40) | M40: =(H40-C40)/C40 | N40: 320 | O40: 307 | P40: 3600.02 | Q40: =(N40-O40)/N40 | R40: =(N40-MIN(C40,H40,N40,T40,Z40))/MIN(C40,H40,N40,T40,Z40) | S40: =(N40-C40)/C40 | T40: 316 | U40: 307 | V40: 3600.52 | W40: =(T40-U40)/T40 | X40: =(T40-MIN(C40,H40,N40,T40,Z40))/MIN(C40,H40,N40,T40,Z40) | Y40: =(T40-C40)/C40 | Z40: 316 | AA40: 307 | AB40: 3600 | AC40: =(Z40-AA40)/Z40 | AD40: =(Z40-MIN(C40,H40,N40,T40,Z40))/MIN(C40,H40,N40,T40,Z40) | AE40: =(Z40-C40)/C40
B41: wfjsp_4_9 | C41: 288 | D41: 288 | E41: 51.9062 | F41: =(C41-D41)/C41 | G41: =(C41-MIN(C41,H41,N41,T41,Z41))/MIN(C41,H41,N41,T41,Z41) | H41: 288 | I41: 288 | J41: 2.67525 | K41: =(H41-I41)/H41 | L41: =(H41-MIN(C41,H41,N41,T41,Z41))/MIN(C41,H41,N41,T41,Z41) | M41: =(H41-C41)/C41 | N41: 288 | O41: 288 | P41: 2.44314 | Q41: =(N41-O41)/N41 | R41: =(N41-MIN(C41,H41,N41,T41,Z41))/MIN(C41,H41,N41,T41,Z41) | S41: =(N41-C41)/C41 | T41: 288 | U41: 288 | V41: 55.9395 | W41: =(T41-U41)/T41 | X41: =(T41-MIN(C41,H41,N41,T41,Z41))/MIN(C41,H41,N41,T41,Z41) | Y41: =(T41-C41)/C41 | Z41: 288 | AA41: 288 | AB41: 62.4599 | AC41: =(Z41-AA41)/Z41 | AD41: =(Z41-MIN(C41,H41,N41,T41,Z41))/MIN(C41,H41,N41,T41,Z41) | AE41: =(Z41-C41)/C41
B42: wfjsp_4_10 | C42: 293 | D42: 293 | E42: 61.875 | F42: =(C42-D42)/C42 | G42: =(C42-MIN(C42,H42,N42,T42,Z42))/MIN(C42,H42,N42,T42,Z42) | H42: 293 | I42: 291 | J42: 3600.22 | K42: =(H42-I42)/H42 | L42: =(H42-MIN(C42,H42,N42,T42,Z42))/MIN(C42,H42,N42,T42,Z42) | M42: =(H42-C42)/C42 | N42: 300 | O42: 291 | P42: 3600.61 | Q42: =(N42-O42)/N42 | R42: =(N42-MIN(C42,H42,N42,T42,Z42))/MIN(C42,H42,N42,T42,Z42) | S42: =(N42-C42)/C42 | T42: 293 | U42: 293 | V42: 66.0095 | W42: =(T42-U42)/T42 | X42: =(T42-MIN(C42,H42,N42,T42,Z42))/MIN(C42,H42,N42,T42,Z42) | Y42: =(T42-C42)/C42 | Z42: 293 | AA42: 293 | AB42: 64 | AC42: =(Z42-AA42)/Z42 | AD42: =(Z42-MIN(C42,H42,N42,T42,Z42))/MIN(C42,H42,N42,T42,Z42) | AE42: =(Z42-C42)/C42
A43: 10*5*5 | B43: wfjsp_5_1 | C43: 608 | D43: 478 | E43: 3600 | F43: =(C43-D43)/C43 | G43: =(C43-MIN(C43,H43,N43,T43,Z43))/MIN(C43,H43,N43,T43,Z43) | H43: 608 | I43: 572 | J43: 3600 | K43: =(H43-I43)/H43 | L43: =(H43-MIN(C43,H43,N43,T43,Z43))/MIN(C43,H43,N43,T43,Z43) | M43: =(H43-C43)/C43 | N43: 632 | O43: 572 | P43: 3600.03 | Q43: =(N43-O43)/N43 | R43: =(N43-MIN(C43,H43,N43,T43,Z43))/MIN(C43,H43,N43,T43,Z43) | S43: =(N43-C43)/C43 | T43: 608 | U43: 572 | V43: 3601.06 | W43: =(T43-U43)/T43 | X43: =(T43-MIN(C43,H43,N43,T43,Z43))/MIN(C43,H43,N43,T43,Z43) | Y43: =(T43-C43)/C43 | Z43: 608 | AA43: 572 | AB43: 3601.03 | AC43: =(Z43-AA43)/Z43 | AD43: =(Z43-MIN(C43,H43,N43,T43,Z43))/MIN(C43,H43,N43,T43,Z43) | AE43: =(Z43-C43)/C43
B44: wfjsp_5_2 | C44: 638 | D44: 424 | E44: 3600 | F44: =(C44-D44)/C44 | G44: =(C44-MIN(C44,H44,N44,T44,Z44))/MIN(C44,H44,N44,T44,Z44) | H44: 645 | I44: 610 | J44: 3600 | K44: =(H44-I44)/H44 | L44: =(H44-MIN(C44,H44,N44,T44,Z44))/MIN(C44,H44,N44,T44,Z44) | M44: =(H44-C44)/C44 | N44: 671 | O44: 610 | P44: 3600.04 | Q44: =(N44-O44)/N44 | R44: =(N44-MIN(C44,H44,N44,T44,Z44))/MIN(C44,H44,N44,T44,Z44) | S44: =(N44-C44)/C44 | T44: 638 | U44: 610 | V44: 3601.06 | W44: =(T44-U44)/T44 | X44: =(T44-MIN(C44,H44,N44,T44,Z44))/MIN(C44,H44,N44,T44,Z44) | Y44: =(T44-C44)/C44 | Z44: 638 | AA44: 610 | AB44: 3601.08 | AC44: =(Z44-AA44)/Z44 | AD44: =(Z44-MIN(C44,H44,N44,T44,Z44))/MIN(C44,H44,N44,T44,Z44) | AE44: =(Z44-C44)/C44
B45: wfjsp_5_3 | C45: 626 | D45: 588 | E45: 3600 | F45: =(C45-D45)/C45 | G45: =(C45-MIN(C45,H45,N45,T45,Z45))/MIN(C45,H45,N45,T45,Z45) | H45: 634 | I45: 589 | J45: 3601.06 | K45: =(H45-I45)/H45 | L45: =(H45-MIN(C45,H45,N45,T45,Z45))/MIN(C45,H45,N45,T45,Z45) | M45: =(H45-C45)/C45 | N45: 654 | O45: 589 | P45: 3600.05 | Q45: =(N45-O45)/N45 | R45: =(N45-MIN(C45,H45,N45,T45,Z45))/MIN(C45,H45,N45,T45,Z45) | S45: =(N45-C45)/C45 | T45: 640 | U45: 589 | V45: 3600.04 | W45: =(T45-U45)/T45 | X45: =(T45-MIN(C45,H45,N45,T45,Z45))/MIN(C45,H45,N45,T45,Z45) | Y45: =(T45-C45)/C45 | Z45: 635 | AA45: 589 | AB45: 3601.06 | AC45: =(Z45-AA45)/Z45 | AD45: =(Z45-MIN(C45,H45,N45,T45,Z45))/MIN(C45,H45,N45,T45,Z45) | AE45: =(Z45-C45)/C45
B46: wfjsp_5_4 | C46: 722 | D46: 437 | E46: 3600 | F46: =(C46-D46)/C46 | G46: =(C46-MIN(C46,H46,N46,T46,Z46))/MIN(C46,H46,N46,T46,Z46) | H46: 735 | I46: 695 | J46: 3600 | K46: =(H46-I46)/H46 | L46: =(H46-MIN(C46,H46,N46,T46,Z46))/MIN(C46,H46,N46,T46,Z46) | M46: =(H46-C46)/C46 | N46: 770 | O46: 695 | P46: 3601.07 | Q46: =(N46-O46)/N46 | R46: =(N46-MIN(C46,H46,N46,T46,Z46))/MIN(C46,H46,N46,T46,Z46) | S46: =(N46-C46)/C46 | T46: 722 | U46: 695 | V46: 3600.03 | W46: =(T46-U46)/T46 | X46: =(T46-MIN(C46,H46,N46,T46,Z46))/MIN(C46,H46,N46,T46,Z46) | Y46: =(T46-C46)/C46 | Z46: 722 | AA46: 695 | AB46: 3600.03 | AC46: =(Z46-AA46)/Z46 | AD46: =(Z46-MIN(C46,H46,N46,T46,Z46))/MIN(C46,H46,N46,T46,Z46) | AE46: =(Z46-C46)/C46
B47: wfjsp_5_5 | C47: 729 | D47: 462 | E47: 3600.03 | F47: =(C47-D47)/C47 | G47: =(C47-MIN(C47,H47,N47,T47,Z47))/MIN(C47,H47,N47,T47,Z47) | H47: 720 | I47: 691 | J47: 3600 | K47: =(H47-I47)/H47 | L47: =(H47-MIN(C47,H47,N47,T47,Z47))/MIN(C47,H47,N47,T47,Z47) | M47: =(H47-C47)/C47 | N47: 762 | O47: 690 | P47: 3600.05 | Q47: =(N47-O47)/N47 | R47: =(N47-MIN(C47,H47,N47,T47,Z47))/MIN(C47,H47,N47,T47,Z47) | S47: =(N47-C47)/C47 | T47: 733 | U47: 690 | V47: 3600.07 | W47: =(T47-U47)/T47 | X47: =(T47-MIN(C47,H47,N47,T47,Z47))/MIN(C47,H47,N47,T47,Z47) | Y47: =(T47-C47)/C47 | Z47: 723 | AA47: 691 | AB47: 3601.04 | AC47: =(Z47-AA47)/Z47 | AD47: =(Z47-MIN(C47,H47,N47,T47,Z47))/MIN(C47,H47,N47,T47,Z47) | AE47: =(Z47-C47)/C47
B48: wfjsp_5_6 | C48: 732 | D48: 619 | E48: 3600.12 | F48: =(C48-D48)/C48 | G48: =(C48-MIN(C48,H48,N48,T48,Z48))/MIN(C48,H48,N48,T48,Z48) | H48: 741 | I48: 693 | J48: 3600 | K48: =(H48-I48)/H48 | L48: =(H48-MIN(C48,H48,N48,T48,Z48))/MIN(C48,H48,N48,T48,Z48) | M48: =(H48-C48)/C48 | N48: 773 | O48: 693 | P48: 3601.05 | Q48: =(N48-O48)/N48 | R48: =(N48-MIN(C48,H48,N48,T48,Z48))/MIN(C48,H48,N48,T48,Z48) | S48: =(N48-C48)/C48 | T48: 732 | U48: 692 | V48: 3600.05 | W48: =(T48-U48)/T48 | X48: =(T48-MIN(C48,H48,N48,T48,Z48))/MIN(C48,H48,N48,T48,Z48) | Y48: =(T48-C48)/C48 | Z48: 732 | AA48: 693 | AB48: 3601.05 | AC48: =(Z48-AA48)/Z48 | AD48: =(Z48-MIN(C48,H48,N48,T48,Z48))/MIN(C48,H48,N48,T48,Z48) | AE48: =(Z48-C48)/C48
B49: wfjsp_5_7 | C49: 754 | D49: 538 | E49: 3600 | F49: =(C49-D49)/C49 | G49: =(C49-MIN(C49,H49,N49,T49,Z49))/MIN(C49,H49,N49,T49,Z49) | H49: 767 | I49: 713 | J49: 3601.07 | K49: =(H49-I49)/H49 | L49: =(H49-MIN(C49,H49,N49,T49,Z49))/MIN(C49,H49,N49,T49,Z49) | M49: =(H49-C49)/C49 | N49: 785 | O49: 713 | P49: 3600.06 | Q49: =(N49-O49)/N49 | R49: =(N49-MIN(C49,H49,N49,T49,Z49))/MIN(C49,H49,N49,T49,Z49) | S49: =(N49-C49)/C49 | T49: 754 | U49: 713 | V49: 3600.03 | W49: =(T49-U49)/T49 | X49: =(T49-MIN(C49,H49,N49,T49,Z49))/MIN(C49,H49,N49,T49,Z49) | Y49: =(T49-C49)/C49 | Z49: 754 | AA49: 713 | AB49: 3601.04 | AC49: =(Z49-AA49)/Z49 | AD49: =(Z49-MIN(C49,H49,N49,T49,Z49))/MIN(C49,H49,N49,T49,Z49) | AE49: =(Z49-C49)/C49
B50: wfjsp_5_8 | C50: 683 | D50: 596 | E50: 3600.06 | F50: =(C50-D50)/C50 | G50: =(C50-MIN(C50,H50,N50,T50,Z50))/MIN(C50,H50,N50,T50,Z50) | H50: 683 | I50: 639 | J50: 3600 | K50: =(H50-I50)/H50 | L50: =(H50-MIN(C50,H50,N50,T50,Z50))/MIN(C50,H50,N50,T50,Z50) | M50: =(H50-C50)/C50 | N50: 716 | O50: 639 | P50: 3600.05 | Q50: =(N50-O50)/N50 | R50: =(N50-MIN(C50,H50,N50,T50,Z50))/MIN(C50,H50,N50,T50,Z50) | S50: =(N50-C50)/C50 | T50: 683 | U50: 639 | V50: 3601.07 | W50: =(T50-U50)/T50 | X50: =(T50-MIN(C50,H50,N50,T50,Z50))/MIN(C50,H50,N50,T50,Z50) | Y50: =(T50-C50)/C50 | Z50: 683 | AA50: 639 | AB50: 3601.04 | AC50: =(Z50-AA50)/Z50 | AD50: =(Z50-MIN(C50,H50,N50,T50,Z50))/MIN(C50,H50,N50,T50,Z50) | AE50: =(Z50-C50)/C50
B51: wfjsp_5_9 | C51: 582 | D51: 540 | E51: 3600 | F51: =(C51-D51)/C51 | G51: =(C51-MIN(C51,H51,N51,T51,Z51))/MIN(C51,H51,N51,T51,Z51) | H51: 588 | I51: 546 | J51: 3601.07 | K51: =(H51-I51)/H51 | L51: =(H51-MIN(C51,H51,N51,T51,Z51))/MIN(C51,H51,N51,T51,Z51) | M51: =(H51-C51)/C51 | N51: 617 | O51: 546 | P51: 3600.04 | Q51: =(N51-O51)/N51 | R51: =(N51-MIN(C51,H51,N51,T51,Z51))/MIN(C51,H51,N51,T51,Z51) | S51: =(N51-C51)/C51 | T51: 589 | U51: 545 | V51: 3600.02 | W51: =(T51-U51)/T51 | X51: =(T51-MIN(C51,H51,N51,T51,Z51))/MIN(C51,H51,N51,T51,Z51) | Y51: =(T51-C51)/C51 | Z51: 582 | AA51: 546 | AB51: 3600 | AC51: =(Z51-AA51)/Z51 | AD51: =(Z51-MIN(C51,H51,N51,T51,Z51))/MIN(C51,H51,N51,T51,Z51) | AE51: =(Z51-C51)/C51
B52: wfjsp_5_10 | C52: 627 | D52: 627 | E52: 1290 | F52: =(C52-D52)/C52 | G52: =(C52-MIN(C52,H52,N52,T52,Z52))/MIN(C52,H52,N52,T52,Z52) | H52: 642 | I52: 559 | J52: 3601.09 | K52: =(H52-I52)/H52 | L52: =(H52-MIN(C52,H52,N52,T52,Z52))/MIN(C52,H52,N52,T52,Z52) | M52: =(H52-C52)/C52 | N52: 646 | O52: 559 | P52: 3600.03 | Q52: =(N52-O52)/N52 | R52: =(N52-MIN(C52,H52,N52,T52,Z52))/MIN(C52,H52,N52,T52,Z52) | S52: =(N52-C52)/C52 | T52: 627 | U52: 627 | V52: 1440.37 | W52: =(T52-U52)/T52 | X52: =(T52-MIN(C52,H52,N52,T52,Z52))/MIN(C52,H52,N52,T52,Z52) | Y52: =(T52-C52)/C52 | Z52: 627 | AA52: 627 | AB52: 1489 | AC52: =(Z52-AA52)/Z52 | AD52: =(Z52-MIN(C52,H52,N52,T52,Z52))/MIN(C52,H52,N52,T52,Z52) | AE52: =(Z52-C52)/C52
A53: 12*5*5 | B53: wfjsp_6_1 | C53: 682 | D53: 478 | E53: 3600 | F53: =(C53-D53)/C53 | G53: =(C53-MIN(C53,H53,N53,T53,Z53))/MIN(C53,H53,N53,T53,Z53) | H53: 681 | I53: 645 | J53: 3601.04 | K53: =(H53-I53)/H53 | L53: =(H53-MIN(C53,H53,N53,T53,Z53))/MIN(C53,H53,N53,T53,Z53) | M53: =(H53-C53)/C53 | N53: 693 | O53: 644 | P53: 3600.04 | Q53: =(N53-O53)/N53 | R53: =(N53-MIN(C53,H53,N53,T53,Z53))/MIN(C53,H53,N53,T53,Z53) | S53: =(N53-C53)/C53 | T53: 682 | U53: 644 | V53: 3600.05 | W53: =(T53-U53)/T53 | X53: =(T53-MIN(C53,H53,N53,T53,Z53))/MIN(C53,H53,N53,T53,Z53) | Y53: =(T53-C53)/C53 | Z53: 682 | AA53: 644 | AB53: 3600.02 | AC53: =(Z53-AA53)/Z53 | AD53: =(Z53-MIN(C53,H53,N53,T53,Z53))/MIN(C53,H53,N53,T53,Z53) | AE53: =(Z53-C53)/C53
B54: wfjsp_6_2 | C54: 780 | D54: 496 | E54: 3600.06 | F54: =(C54-D54)/C54 | G54: =(C54-MIN(C54,H54,N54,T54,Z54))/MIN(C54,H54,N54,T54,Z54) | H54: 780 | I54: 746 | J54: 3600.04 | K54: =(H54-I54)/H54 | L54: =(H54-MIN(C54,H54,N54,T54,Z54))/MIN(C54,H54,N54,T54,Z54) | M54: =(H54-C54)/C54 | N54: 788 | O54: 746 | P54: 3600.04 | Q54: =(N54-O54)/N54 | R54: =(N54-MIN(C54,H54,N54,T54,Z54))/MIN(C54,H54,N54,T54,Z54) | S54: =(N54-C54)/C54 | T54: 783 | U54: 746 | V54: 3600.03 | W54: =(T54-U54)/T54 | X54: =(T54-MIN(C54,H54,N54,T54,Z54))/MIN(C54,H54,N54,T54,Z54) | Y54: =(T54-C54)/C54 | Z54: 780 | AA54: 746 | AB54: 3600 | AC54: =(Z54-AA54)/Z54 | AD54: =(Z54-MIN(C54,H54,N54,T54,Z54))/MIN(C54,H54,N54,T54,Z54) | AE54: =(Z54-C54)/C54
B55: wfjsp_6_3 | C55: 735 | D55: 588 | E55: 3600 | F55: =(C55-D55)/C55 | G55: =(C55-MIN(C55,H55,N55,T55,Z55))/MIN(C55,H55,N55,T55,Z55) | H55: 739 | I55: 708 | J55: 3600 | K55: =(H55-I55)/H55 | L55: =(H55-MIN(C55,H55,N55,T55,Z55))/MIN(C55,H55,N55,T55,Z55) | M55: =(H55-C55)/C55 | N55: 781 | O55: 708 | P55: 3600.03 | Q55: =(N55-O55)/N55 | R55: =(N55-MIN(C55,H55,N55,T55,Z55))/MIN(C55,H55,N55,T55,Z55) | S55: =(N55-C55)/C55 | T55: 740 | U55: 708 | V55: 3600.05 | W55: =(T55-U55)/T55 | X55: =(T55-MIN(C55,H55,N55,T55,Z55))/MIN(C55,H55,N55,T55,Z55) | Y55: =(T55-C55)/C55 | Z55: 740 | AA55: 708 | AB55: 3601.03 | AC55: =(Z55-AA55)/Z55 | AD55: =(Z55-MIN(C55,H55,N55,T55,Z55))/MIN(C55,H55,N55,T55,Z55) | AE55: =(Z55-C55)/C55
B56: wfjsp_6_4 | C56: 803 | D56: 437 | E56: 3600.04 | F56: =(C56-D56)/C56 | G56: =(C56-MIN(C56,H56,N56,T56,Z56))/MIN(C56,H56,N56,T56,Z56) | H56: 813 | I56: 774 | J56: 3600.02 | K56: =(H56-I56)/H56 | L56: =(H56-MIN(C56,H56,N56,T56,Z56))/MIN(C56,H56,N56,T56,Z56) | M56: =(H56-C56)/C56 | N56: 859 | O56: 774 | P56: 3600.06 | Q56: =(N56-O56)/N56 | R56: =(N56-MIN(C56,H56,N56,T56,Z56))/MIN(C56,H56,N56,T56,Z56) | S56: =(N56-C56)/C56 | T56: 803 | U56: 774 | V56: 3600.04 | W56: =(T56-U56)/T56 | X56: =(T56-MIN(C56,H56,N56,T56,Z56))/MIN(C56,H56,N56,T56,Z56) | Y56: =(T56-C56)/C56 | Z56: 803 | AA56: 774 | AB56: 3600.03 | AC56: =(Z56-AA56)/Z56 | AD56: =(Z56-MIN(C56,H56,N56,T56,Z56))/MIN(C56,H56,N56,T56,Z56) | AE56: =(Z56-C56)/C56
B57: wfjsp_6_5 | C57: 844 | D57: 494 | E57: 3600.05 | F57: =(C57-D57)/C57 | G57: =(C57-MIN(C57,H57,N57,T57,Z57))/MIN(C57,H57,N57,T57,Z57) | H57: 846 | I57: 815 | J57: 3600 | K57: =(H57-I57)/H57 | L57: =(H57-MIN(C57,H57,N57,T57,Z57))/MIN(C57,H57,N57,T57,Z57) | M57: =(H57-C57)/C57 | N57: 920 | O57: 815 | P57: 3600.04 | Q57: =(N57-O57)/N57 | R57: =(N57-MIN(C57,H57,N57,T57,Z57))/MIN(C57,H57,N57,T57,Z57) | S57: =(N57-C57)/C57 | T57: 845 | U57: 815 | V57: 3600.2 | W57: =(T57-U57)/T57 | X57: =(T57-MIN(C57,H57,N57,T57,Z57))/MIN(C57,H57,N57,T57,Z57) | Y57: =(T57-C57)/C57 | Z57: 845 | AA57: 815 | AB57: 3600.03 | AC57: =(Z57-AA57)/Z57 | AD57: =(Z57-MIN(C57,H57,N57,T57,Z57))/MIN(C57,H57,N57,T57,Z57) | AE57: =(Z57-C57)/C57
B58: wfjsp_6_6 | C58: 798 | D58: 619 | E58: 3600.12 | F58: =(C58-D58)/C58 | G58: =(C58-MIN(C58,H58,N58,T58,Z58))/MIN(C58,H58,N58,T58,Z58) | H58: 810 | I58: 776 | J58: 3600 | K58: =(H58-I58)/H58 | L58: =(H58-MIN(C58,H58,N58,T58,Z58))/MIN(C58,H58,N58,T58,Z58) | M58: =(H58-C58)/C58 | N58: 838 | O58: 776 | P58: 3600.06 | Q58: =(N58-O58)/N58 | R58: =(N58-MIN(C58,H58,N58,T58,Z58))/MIN(C58,H58,N58,T58,Z58) | S58: =(N58-C58)/C58 | T58: 798 | U58: 776 | V58: 3600.07 | W58: =(T58-U58)/T58 | X58: =(T58-MIN(C58,H58,N58,T58,Z58))/MIN(C58,H58,N58,T58,Z58) | Y58: =(T58-C58)/C58 | Z58: 798 | AA58: 776 | AB58: 3601.06 | AC58: =(Z58-AA58)/Z58 | AD58: =(Z58-MIN(C58,H58,N58,T58,Z58))/MIN(C58,H58,N58,T58,Z58) | AE58: =(Z58-C58)/C58
B59: wfjsp_6_7 | C59: 855 | D59: 538 | E59: 3600.12 | F59: =(C59-D59)/C59 | G59: =(C59-MIN(C59,H59,N59,T59,Z59))/MIN(C59,H59,N59,T59,Z59) | H59: 836 | I59: 795 | J59: 3600.03 | K59: =(H59-I59)/H59 | L59: =(H59-MIN(C59,H59,N59,T59,Z59))/MIN(C59,H59,N59,T59,Z59) | M59: =(H59-C59)/C59 | N59: 863 | O59: 795 | P59: 3600.04 | Q59: =(N59-O59)/N59 | R59: =(N59-MIN(C59,H59,N59,T59,Z59))/MIN(C59,H59,N59,T59,Z59) | S59: =(N59-C59)/C59 | T59: 859 | U59: 795 | V59: 3600.07 | W59: =(T59-U59)/T59 | X59: =(T59-MIN(C59,H59,N59,T59,Z59))/MIN(C59,H59,N59,T59,Z59) | Y59: =(T59-C59)/C59 | Z59: 845 | AA59: 795 | AB59: 3600.01 | AC59: =(Z59-AA59)/Z59 | AD59: =(Z59-MIN(C59,H59,N59,T59,Z59))/MIN(C59,H59,N59,T59,Z59) | AE59: =(Z59-C59)/C59
B60: wfjsp_6_8 | C60: 759 | D60: 596 | E60: 3600.03 | F60: =(C60-D60)/C60 | G60: =(C60-MIN(C60,H60,N60,T60,Z60))/MIN(C60,H60,N60,T60,Z60) | H60: 771 | I60: 728 | J60: 3601.09 | K60: =(H60-I60)/H60 | L60: =(H60-MIN(C60,H60,N60,T60,Z60))/MIN(C60,H60,N60,T60,Z60) | M60: =(H60-C60)/C60 | N60: 821 | O60: 728 | P60: 3600.05 | Q60: =(N60-O60)/N60 | R60: =(N60-MIN(C60,H60,N60,T60,Z60))/MIN(C60,H60,N60,T60,Z60) | S60: =(N60-C60)/C60 | T60: 764 | U60: 727 | V60: 3600.04 | W60: =(T60-U60)/T60 | X60: =(T60-MIN(C60,H60,N60,T60,Z60))/MIN(C60,H60,N60,T60,Z60) | Y60: =(T60-C60)/C60 | Z60: 764 | AA60: 728 | AB60: 3601.05 | AC60: =(Z60-AA60)/Z60 | AD60: =(Z60-MIN(C60,H60,N60,T60,Z60))/MIN(C60,H60,N60,T60,Z60) | AE60: =(Z60-C60)/C60
B61: wfjsp_6_9 | C61: 686 | D61: 540 | E61: 3600.03 | F61: =(C61-D61)/C61 | G61: =(C61-MIN(C61,H61,N61,T61,Z61))/MIN(C61,H61,N61,T61,Z61) | H61: 686 | I61: 652 | J61: 3601.04 | K61: =(H61-I61)/H61 | L61: =(H61-MIN(C61,H61,N61,T61,Z61))/MIN(C61,H61,N61,T61,Z61) | M61: =(H61-C61)/C61 | N61: 702 | O61: 652 | P61: 3600.03 | Q61: =(N61-O61)/N61 | R61: =(N61-MIN(C61,H61,N61,T61,Z61))/MIN(C61,H61,N61,T61,Z61) | S61: =(N61-C61)/C61 | T61: 687 | U61: 652 | V61: 3600.03 | W61: =(T61-U61)/T61 | X61: =(T61-MIN(C61,H61,N61,T61,Z61))/MIN(C61,H61,N61,T61,Z61) | Y61: =(T61-C61)/C61 | Z61: 687 | AA61: 652 | AB61: 3601.05 | AC61: =(Z61-AA61)/Z61 | AD61: =(Z61-MIN(C61,H61,N61,T61,Z61))/MIN(C61,H61,N61,T61,Z61) | AE61: =(Z61-C61)/C61
B62: wfjsp_6_10 | C62: 699 | D62: 481 | E62: 3600 | F62: =(C62-D62)/C62 | G62: =(C62-MIN(C62,H62,N62,T62,Z62))/MIN(C62,H62,N62,T62,Z62) | H62: 705 | I62: 666 | J62: 3601.08 | K62: =(H62-I62)/H62 | L62: =(H62-MIN(C62,H62,N62,T62,Z62))/MIN(C62,H62,N62,T62,Z62) | M62: =(H62-C62)/C62 | N62: 733 | O62: 666 | P62: 3600.04 | Q62: =(N62-O62)/N62 | R62: =(N62-MIN(C62,H62,N62,T62,Z62))/MIN(C62,H62,N62,T62,Z62) | S62: =(N62-C62)/C62 | T62: 699 | U62: 666 | V62: 3600.05 | W62: =(T62-U62)/T62 | X62: =(T62-MIN(C62,H62,N62,T62,Z62))/MIN(C62,H62,N62,T62,Z62) | Y62: =(T62-C62)/C62 | Z62: 699 | AA62: 666 | AB62: 3600.01 | AC62: =(Z62-AA62)/Z62 | AD62: =(Z62-MIN(C62,H62,N62,T62,Z62))/MIN(C62,H62,N62,T62,Z62) | AE62: =(Z62-C62)/C62
A63: 12*5*5 | B63: wfjsp_7_1 | C63: 815 | D63: 392 | E63: 3600.06 | F63: =(C63-D63)/C63 | G63: =(C63-MIN(C63,H63,N63,T63,Z63))/MIN(C63,H63,N63,T63,Z63) | H63: 829 | I63: 776 | J63: 3600.03 | K63: =(H63-I63)/H63 | L63: =(H63-MIN(C63,H63,N63,T63,Z63))/MIN(C63,H63,N63,T63,Z63) | M63: =(H63-C63)/C63 | N63: 866 | O63: 776 | P63: 3600.08 | Q63: =(N63-O63)/N63 | R63: =(N63-MIN(C63,H63,N63,T63,Z63))/MIN(C63,H63,N63,T63,Z63) | S63: =(N63-C63)/C63 | T63: 816 | U63: 776 | V63: 3600.04 | W63: =(T63-U63)/T63 | X63: =(T63-MIN(C63,H63,N63,T63,Z63))/MIN(C63,H63,N63,T63,Z63) | Y63: =(T63-C63)/C63 | Z63: 816 | AA63: 776 | AB63: 3600.02 | AC63: =(Z63-AA63)/Z63 | AD63: =(Z63-MIN(C63,H63,N63,T63,Z63))/MIN(C63,H63,N63,T63,Z63) | AE63: =(Z63-C63)/C63
B64: wfjsp_7_2 | C64: 1038 | D64: 544 | E64: 3600.03 | F64: =(C64-D64)/C64 | G64: =(C64-MIN(C64,H64,N64,T64,Z64))/MIN(C64,H64,N64,T64,Z64) | H64: 1033 | I64: 983 | J64: 3600.03 | K64: =(H64-I64)/H64 | L64: =(H64-MIN(C64,H64,N64,T64,Z64))/MIN(C64,H64,N64,T64,Z64) | M64: =(H64-C64)/C64 | N64: 1099 | O64: 983 | P64: 3600.05 | Q64: =(N64-O64)/N64 | R64: =(N64-MIN(C64,H64,N64,T64,Z64))/MIN(C64,H64,N64,T64,Z64) | S64: =(N64-C64)/C64 | T64: 1039 | U64: 982 | V64: 3600.05 | W64: =(T64-U64)/T64 | X64: =(T64-MIN(C64,H64,N64,T64,Z64))/MIN(C64,H64,N64,T64,Z64) | Y64: =(T64-C64)/C64 | Z64: 1037 | AA64: 983 | AB64: 3600.03 | AC64: =(Z64-AA64)/Z64 | AD64: =(Z64-MIN(C64,H64,N64,T64,Z64))/MIN(C64,H64,N64,T64,Z64) | AE64: =(Z64-C64)/C64
B65: wfjsp_7_3 | C65: 1133 | D65: 639 | E65: 3600.06 | F65: =(C65-D65)/C65 | G65: =(C65-MIN(C65,H65,N65,T65,Z65))/MIN(C65,H65,N65,T65,Z65) | H65: 1139 | I65: 1068 | J65: 3600.03 | K65: =(H65-I65)/H65 | L65: =(H65-MIN(C65,H65,N65,T65,Z65))/MIN(C65,H65,N65,T65,Z65) | M65: =(H65-C65)/C65 | N65: 1183 | O65: 1068 | P65: 3600.05 | Q65: =(N65-O65)/N65 | R65: =(N65-MIN(C65,H65,N65,T65,Z65))/MIN(C65,H65,N65,T65,Z65) | S65: =(N65-C65)/C65 | T65: 1136 | U65: 1068 | V65: 3600.07 | W65: =(T65-U65)/T65 | X65: =(T65-MIN(C65,H65,N65,T65,Z65))/MIN(C65,H65,N65,T65,Z65) | Y65: =(T65-C65)/C65 | Z65: 1130 | AA65: 1068 | AB65: 3600.04 | AC65: =(Z65-AA65)/Z65 | AD65: =(Z65-MIN(C65,H65,N65,T65,Z65))/MIN(C65,H65,N65,T65,Z65) | AE65: =(Z65-C65)/C65
B66: wfjsp_7_4 | C66: 944 | D66: 481 | E66: 3600.06 | F66: =(C66-D66)/C66 | G66: =(C66-MIN(C66,H66,N66,T66,Z66))/MIN(C66,H66,N66,T66,Z66) | H66: 943 | I66: 900 | J66: 3600.03 | K66: =(H66-I66)/H66 | L66: =(H66-MIN(C66,H66,N66,T66,Z66))/MIN(C66,H66,N66,T66,Z66) | M66: =(H66-C66)/C66 | N66: 996 | O66: 900 | P66: 3600.06 | Q66: =(N66-O66)/N66 | R66: =(N66-MIN(C66,H66,N66,T66,Z66))/MIN(C66,H66,N66,T66,Z66) | S66: =(N66-C66)/C66 | T66: 948 | U66: 900 | V66: 3600.05 | W66: =(T66-U66)/T66 | X66: =(T66-MIN(C66,H66,N66,T66,Z66))/MIN(C66,H66,N66,T66,Z66) | Y66: =(T66-C66)/C66 | Z66: 947 | AA66: 900 | AB66: 3600.02 | AC66: =(Z66-AA66)/Z66 | AD66: =(Z66-MIN(C66,H66,N66,T66,Z66))/MIN(C66,H66,N66,T66,Z66) | AE66: =(Z66-C66)/C66
B67: wfjsp_7_5 | C67: 803 | D67: 561 | E67: 3600.05 | F67: =(C67-D67)/C67 | G67: =(C67-MIN(C67,H67,N67,T67,Z67))/MIN(C67,H67,N67,T67,Z67) | H67: 815 | I67: 778 | J67: 3600.03 | K67: =(H67-I67)/H67 | L67: =(H67-MIN(C67,H67,N67,T67,Z67))/MIN(C67,H67,N67,T67,Z67) | M67: =(H67-C67)/C67 | N67: 861 | O67: 778 | P67: 3600.05 | Q67: =(N67-O67)/N67 | R67: =(N67-MIN(C67,H67,N67,T67,Z67))/MIN(C67,H67,N67,T67,Z67) | S67: =(N67-C67)/C67 | T67: 805 | U67: 778 | V67: 3600.07 | W67: =(T67-U67)/T67 | X67: =(T67-MIN(C67,H67,N67,T67,Z67))/MIN(C67,H67,N67,T67,Z67) | Y67: =(T67-C67)/C67 | Z67: 805 | AA67: 778 | AB67: 3600.01 | AC67: =(Z67-AA67)/Z67 | AD67: =(Z67-MIN(C67,H67,N67,T67,Z67))/MIN(C67,H67,N67,T67,Z67) | AE67: =(Z67-C67)/C67
B68: wfjsp_7_6 | C68: 1010 | D68: 517 | E68: 3600.06 | F68: =(C68-D68)/C68 | G68: =(C68-MIN(C68,H68,N68,T68,Z68))/MIN(C68,H68,N68,T68,Z68) | H68: 1026 | I68: 982 | J68: 3600.03 | K68: =(H68-I68)/H68 | L68: =(H68-MIN(C68,H68,N68,T68,Z68))/MIN(C68,H68,N68,T68,Z68) | M68: =(H68-C68)/C68 | N68: 1081 | O68: 982 | P68: 3600.06 | Q68: =(N68-O68)/N68 | R68: =(N68-MIN(C68,H68,N68,T68,Z68))/MIN(C68,H68,N68,T68,Z68) | S68: =(N68-C68)/C68 | T68: 1011 | U68: 982 | V68: 3600.06 | W68: =(T68-U68)/T68 | X68: =(T68-MIN(C68,H68,N68,T68,Z68))/MIN(C68,H68,N68,T68,Z68) | Y68: =(T68-C68)/C68 | Z68: 1013 | AA68: 982 | AB68: 3600.03 | AC68: =(Z68-AA68)/Z68 | AD68: =(Z68-MIN(C68,H68,N68,T68,Z68))/MIN(C68,H68,N68,T68,Z68) | AE68: =(Z68-C68)/C68
B69: wfjsp_7_7 | C69: 929 | D69: 525 | E69: 3600.34 | F69: =(C69-D69)/C69 | G69: =(C69-MIN(C69,H69,N69,T69,Z69))/MIN(C69,H69,N69,T69,Z69) | H69: 946 | I69: 887 | J69: 3600.03 | K69: =(H69-I69)/H69 | L69: =(H69-MIN(C69,H69,N69,T69,Z69))/MIN(C69,H69,N69,T69,Z69) | M69: =(H69-C69)/C69 | N69: 992 | O69: 887 | P69: 3600.05 | Q69: =(N69-O69)/N69 | R69: =(N69-MIN(C69,H69,N69,T69,Z69))/MIN(C69,H69,N69,T69,Z69) | S69: =(N69-C69)/C69 | T69: 938 | U69: 887 | V69: 3600.02 | W69: =(T69-U69)/T69 | X69: =(T69-MIN(C69,H69,N69,T69,Z69))/MIN(C69,H69,N69,T69,Z69) | Y69: =(T69-C69)/C69 | Z69: 933 | AA69: 887 | AB69: 3600.02 | AC69: =(Z69-AA69)/Z69 | AD69: =(Z69-MIN(C69,H69,N69,T69,Z69))/MIN(C69,H69,N69,T69,Z69) | AE69: =(Z69-C69)/C69
B70: wfjsp_7_8 | C70: 882 | D70: 587 | E70: 3600.05 | F70: =(C70-D70)/C70 | G70: =(C70-MIN(C70,H70,N70,T70,Z70))/MIN(C70,H70,N70,T70,Z70) | H70: 897 | I70: 848 | J70: 3600.03 | K70: =(H70-I70)/H70 | L70: =(H70-MIN(C70,H70,N70,T70,Z70))/MIN(C70,H70,N70,T70,Z70) | M70: =(H70-C70)/C70 | N70: 948 | O70: 848 | P70: 3600.05 | Q70: =(N70-O70)/N70 | R70: =(N70-MIN(C70,H70,N70,T70,Z70))/MIN(C70,H70,N70,T70,Z70) | S70: =(N70-C70)/C70 | T70: 883 | U70: 848 | V70: 3600.08 | W70: =(T70-U70)/T70 | X70: =(T70-MIN(C70,H70,N70,T70,Z70))/MIN(C70,H70,N70,T70,Z70) | Y70: =(T70-C70)/C70 | Z70: 885 | AA70: 848 | AB70: 3600.03 | AC70: =(Z70-AA70)/Z70 | AD70: =(Z70-MIN(C70,H70,N70,T70,Z70))/MIN(C70,H70,N70,T70,Z70) | AE70: =(Z70-C70)/C70
B71: wfjsp_7_9 | C71: 852 | D71: 499 | E71: 3600.06 | F71: =(C71-D71)/C71 | G71: =(C71-MIN(C71,H71,N71,T71,Z71))/MIN(C71,H71,N71,T71,Z71) | H71: 848 | I71: 797 | J71: 3600.03 | K71: =(H71-I71)/H71 | L71: =(H71-MIN(C71,H71,N71,T71,Z71))/MIN(C71,H71,N71,T71,Z71) | M71: =(H71-C71)/C71 | N71: 859 | O71: 797 | P71: 3600.04 | Q71: =(N71-O71)/N71 | R71: =(N71-MIN(C71,H71,N71,T71,Z71))/MIN(C71,H71,N71,T71,Z71) | S71: =(N71-C71)/C71 | T71: 852 | U71: 797 | V71: 3600.06 | W71: =(T71-U71)/T71 | X71: =(T71-MIN(C71,H71,N71,T71,Z71))/MIN(C71,H71,N71,T71,Z71) | Y71: =(T71-C71)/C71 | Z71: 846 | AA71: 797 | AB71: 3600.05 | AC71: =(Z71-AA71)/Z71 | AD71: =(Z71-MIN(C71,H71,N71,T71,Z71))/MIN(C71,H71,N71,T71,Z71) | AE71: =(Z71-C71)/C71
B72: wfjsp_7_10 | C72: 909 | D72: 504 | E72: 3600.05 | F72: =(C72-D72)/C72 | G72: =(C72-MIN(C72,H72,N72,T72,Z72))/MIN(C72,H72,N72,T72,Z72) | H72: 922 | I72: 885 | J72: 3600.03 | K72: =(H72-I72)/H72 | L72: =(H72-MIN(C72,H72,N72,T72,Z72))/MIN(C72,H72,N72,T72,Z72) | M72: =(H72-C72)/C72 | N72: 952 | O72: 885 | P72: 3600.06 | Q72: =(N72-O72)/N72 | R72: =(N72-MIN(C72,H72,N72,T72,Z72))/MIN(C72,H72,N72,T72,Z72) | S72: =(N72-C72)/C72 | T72: 909 | U72: 885 | V72: 3600.07 | W72: =(T72-U72)/T72 | X72: =(T72-MIN(C72,H72,N72,T72,Z72))/MIN(C72,H72,N72,T72,Z72) | Y72: =(T72-C72)/C72 | Z72: 909 | AA72: 885 | AB72: 3600.02 | AC72: =(Z72-AA72)/Z72 | AD72: =(Z72-MIN(C72,H72,N72,T72,Z72))/MIN(C72,H72,N72,T72,Z72) | AE72: =(Z72-C72)/C72
A73: 15*5*5 | B73: wfjsp_8_1 | C73: 1025 | D73: 419 | E73: 3600.07 | F73: =(C73-D73)/C73 | G73: =(C73-MIN(C73,H73,N73,T73,Z73))/MIN(C73,H73,N73,T73,Z73) | H73: 1043 | I73: 983 | J73: 3600.03 | K73: =(H73-I73)/H73 | L73: =(H73-MIN(C73,H73,N73,T73,Z73))/MIN(C73,H73,N73,T73,Z73) | M73: =(H73-C73)/C73 | N73: 1069 | O73: 983 | P73: 3600.05 | Q73: =(N73-O73)/N73 | R73: =(N73-MIN(C73,H73,N73,T73,Z73))/MIN(C73,H73,N73,T73,Z73) | S73: =(N73-C73)/C73 | T73: 1029 | U73: 983 | V73: 3600.06 | W73: =(T73-U73)/T73 | X73: =(T73-MIN(C73,H73,N73,T73,Z73))/MIN(C73,H73,N73,T73,Z73) | Y73: =(T73-C73)/C73 | Z73: 1029 | AA73: 983 | AB73: 3601.1 | AC73: =(Z73-AA73)/Z73 | AD73: =(Z73-MIN(C73,H73,N73,T73,Z73))/MIN(C73,H73,N73,T73,Z73) | AE73: =(Z73-C73)/C73
B74: wfjsp_8_2 | C74: 1251 | D74: 544 | E74: 3600.12 | F74: =(C74-D74)/C74 | G74: =(C74-MIN(C74,H74,N74,T74,Z74))/MIN(C74,H74,N74,T74,Z74) | H74: 1263 | I74: 1209 | J74: 3600.03 | K74: =(H74-I74)/H74 | L74: =(H74-MIN(C74,H74,N74,T74,Z74))/MIN(C74,H74,N74,T74,Z74) | M74: =(H74-C74)/C74 | N74: 1286 | O74: 1209 | P74: 3600.08 | Q74: =(N74-O74)/N74 | R74: =(N74-MIN(C74,H74,N74,T74,Z74))/MIN(C74,H74,N74,T74,Z74) | S74: =(N74-C74)/C74 | T74: 1258 | U74: 1209 | V74: 3600.07 | W74: =(T74-U74)/T74 | X74: =(T74-MIN(C74,H74,N74,T74,Z74))/MIN(C74,H74,N74,T74,Z74) | Y74: =(T74-C74)/C74 | Z74: 1257 | AA74: 1209 | AB74: 3601.09 | AC74: =(Z74-AA74)/Z74 | AD74: =(Z74-MIN(C74,H74,N74,T74,Z74))/MIN(C74,H74,N74,T74,Z74) | AE74: =(Z74-C74)/C74
B75: wfjsp_8_3 | C75: 1364 | D75: 639 | E75: 3600.12 | F75: =(C75-D75)/C75 | G75: =(C75-MIN(C75,H75,N75,T75,Z75))/MIN(C75,H75,N75,T75,Z75) | H75: 1379 | I75: 1301 | J75: 3600.04 | K75: =(H75-I75)/H75 | L75: =(H75-MIN(C75,H75,N75,T75,Z75))/MIN(C75,H75,N75,T75,Z75) | M75: =(H75-C75)/C75 | N75: 1423 | O75: 1301 | P75: 3600.06 | Q75: =(N75-O75)/N75 | R75: =(N75-MIN(C75,H75,N75,T75,Z75))/MIN(C75,H75,N75,T75,Z75) | S75: =(N75-C75)/C75 | T75: 1375 | U75: 1301 | V75: 3600.09 | W75: =(T75-U75)/T75 | X75: =(T75-MIN(C75,H75,N75,T75,Z75))/MIN(C75,H75,N75,T75,Z75) | Y75: =(T75-C75)/C75 | Z75: 1369 | AA75: 1301 | AB75: 3600.06 | AC75: =(Z75-AA75)/Z75 | AD75: =(Z75-MIN(C75,H75,N75,T75,Z75))/MIN(C75,H75,N75,T75,Z75) | AE75: =(Z75-C75)/C75
B76: wfjsp_8_4 | C76: 1211 | D76: 561 | E76: 3600 | F76: =(C76-D76)/C76 | G76: =(C76-MIN(C76,H76,N76,T76,Z76))/MIN(C76,H76,N76,T76,Z76) | H76: 1215 | I76: 1158 | J76: 3600.03 | K76: =(H76-I76)/H76 | L76: =(H76-MIN(C76,H76,N76,T76,Z76))/MIN(C76,H76,N76,T76,Z76) | M76: =(H76-C76)/C76 | N76: 1246 | O76: 1158 | P76: 3600.06 | Q76: =(N76-O76)/N76 | R76: =(N76-MIN(C76,H76,N76,T76,Z76))/MIN(C76,H76,N76,T76,Z76) | S76: =(N76-C76)/C76 | T76: 1216 | U76: 1158 | V76: 3600.06 | W76: =(T76-U76)/T76 | X76: =(T76-MIN(C76,H76,N76,T76,Z76))/MIN(C76,H76,N76,T76,Z76) | Y76: =(T76-C76)/C76 | Z76: 1213 | AA76: 1158 | AB76: 3601.06 | AC76: =(Z76-AA76)/Z76 | AD76: =(Z76-MIN(C76,H76,N76,T76,Z76))/MIN(C76,H76,N76,T76,Z76) | AE76: =(Z76-C76)/C76
B77: wfjsp_8_5 | C77: 1050 | D77: 561 | E77: 3600.05 | F77: =(C77-D77)/C77 | G77: =(C77-MIN(C77,H77,N77,T77,Z77))/MIN(C77,H77,N77,T77,Z77) | H77: 1052 | I77: 1008 | J77: 3600.03 | K77: =(H77-I77)/H77 | L77: =(H77-MIN(C77,H77,N77,T77,Z77))/MIN(C77,H77,N77,T77,Z77) | M77: =(H77-C77)/C77 | N77: 1066 | O77: 1008 | P77: 3600.06 | Q77: =(N77-O77)/N77 | R77: =(N77-MIN(C77,H77,N77,T77,Z77))/MIN(C77,H77,N77,T77,Z77) | S77: =(N77-C77)/C77 | T77: 1050 | U77: 1008 | V77: 3600.06 | W77: =(T77-U77)/T77 | X77: =(T77-MIN(C77,H77,N77,T77,Z77))/MIN(C77,H77,N77,T77,Z77) | Y77: =(T77-C77)/C77 | Z77: 1050 | AA77: 1008 | AB77: 3600.03 | AC77: =(Z77-AA77)/Z77 | AD77: =(Z77-MIN(C77,H77,N77,T77,Z77))/MIN(C77,H77,N77,T77,Z77) | AE77: =(Z77-C77)/C77
B78: wfjsp_8_6 | C78: 1267 | D78: 517 | E78: 3600.03 | F78: =(C78-D78)/C78 | G78: =(C78-MIN(C78,H78,N78,T78,Z78))/MIN(C78,H78,N78,T78,Z78) | H78: 1282 | I78: 1229 | J78: 3601.09 | K78: =(H78-I78)/H78 | L78: =(H78-MIN(C78,H78,N78,T78,Z78))/MIN(C78,H78,N78,T78,Z78) | M78: =(H78-C78)/C78 | N78: 1316 | O78: 1229 | P78: 3600.08 | Q78: =(N78-O78)/N78 | R78: =(N78-MIN(C78,H78,N78,T78,Z78))/MIN(C78,H78,N78,T78,Z78) | S78: =(N78-C78)/C78 | T78: 1273 | U78: 1229 | V78: 3600.04 | W78: =(T78-U78)/T78 | X78: =(T78-MIN(C78,H78,N78,T78,Z78))/MIN(C78,H78,N78,T78,Z78) | Y78: =(T78-C78)/C78 | Z78: 1273 | AA78: 1229 | AB78: 3601.07 | AC78: =(Z78-AA78)/Z78 | AD78: =(Z78-MIN(C78,H78,N78,T78,Z78))/MIN(C78,H78,N78,T78,Z78) | AE78: =(Z78-C78)/C78
B79: wfjsp_8_7 | C79: 1158 | D79: 525 | E79: 3600.08 | F79: =(C79-D79)/C79 | G79: =(C79-MIN(C79,H79,N79,T79,Z79))/MIN(C79,H79,N79,T79,Z79) | H79: 1172 | I79: 1104 | J79: 3600.04 | K79: =(H79-I79)/H79 | L79: =(H79-MIN(C79,H79,N79,T79,Z79))/MIN(C79,H79,N79,T79,Z79) | M79: =(H79-C79)/C79 | N79: 1191 | O79: 1104 | P79: 3600.08 | Q79: =(N79-O79)/N79 | R79: =(N79-MIN(C79,H79,N79,T79,Z79))/MIN(C79,H79,N79,T79,Z79) | S79: =(N79-C79)/C79 | T79: 1166 | U79: 1104 | V79: 3600.09 | W79: =(T79-U79)/T79 | X79: =(T79-MIN(C79,H79,N79,T79,Z79))/MIN(C79,H79,N79,T79,Z79) | Y79: =(T79-C79)/C79 | Z79: 1166 | AA79: 1104 | AB79: 3600.03 | AC79: =(Z79-AA79)/Z79 | AD79: =(Z79-MIN(C79,H79,N79,T79,Z79))/MIN(C79,H79,N79,T79,Z79) | AE79: =(Z79-C79)/C79
B80: wfjsp_8_8 | C80: 1158 | D80: 587 | E80: 3600.02 | F80: =(C80-D80)/C80 | G80: =(C80-MIN(C80,H80,N80,T80,Z80))/MIN(C80,H80,N80,T80,Z80) | H80: 1165 | I80: 1107 | J80: 3600.02 | K80: =(H80-I80)/H80 | L80: =(H80-MIN(C80,H80,N80,T80,Z80))/MIN(C80,H80,N80,T80,Z80) | M80: =(H80-C80)/C80 | N80: 1194 | O80: 1107 | P80: 3600.07 | Q80: =(N80-O80)/N80 | R80: =(N80-MIN(C80,H80,N80,T80,Z80))/MIN(C80,H80,N80,T80,Z80) | S80: =(N80-C80)/C80 | T80: 1161 | U80: 1106 | V80: 3600.07 | W80: =(T80-U80)/T80 | X80: =(T80-MIN(C80,H80,N80,T80,Z80))/MIN(C80,H80,N80,T80,Z80) | Y80: =(T80-C80)/C80 | Z80: 1161 | AA80: 1106 | AB80: 3600.03 | AC80: =(Z80-AA80)/Z80 | AD80: =(Z80-MIN(C80,H80,N80,T80,Z80))/MIN(C80,H80,N80,T80,Z80) | AE80: =(Z80-C80)/C80
B81: wfjsp_8_9 | C81: 1044 | D81: 499 | E81: 3600.07 | F81: =(C81-D81)/C81 | G81: =(C81-MIN(C81,H81,N81,T81,Z81))/MIN(C81,H81,N81,T81,Z81) | H81: 1047 | I81: 995 | J81: 3600.03 | K81: =(H81-I81)/H81 | L81: =(H81-MIN(C81,H81,N81,T81,Z81))/MIN(C81,H81,N81,T81,Z81) | M81: =(H81-C81)/C81 | N81: 1067 | O81: 995 | P81: 3600.08 | Q81: =(N81-O81)/N81 | R81: =(N81-MIN(C81,H81,N81,T81,Z81))/MIN(C81,H81,N81,T81,Z81) | S81: =(N81-C81)/C81 | T81: 1048 | U81: 995 | V81: 3600.1 | W81: =(T81-U81)/T81 | X81: =(T81-MIN(C81,H81,N81,T81,Z81))/MIN(C81,H81,N81,T81,Z81) | Y81: =(T81-C81)/C81 | Z81: 1045 | AA81: 995 | AB81: 3600.04 | AC81: =(Z81-AA81)/Z81 | AD81: =(Z81-MIN(C81,H81,N81,T81,Z81))/MIN(C81,H81,N81,T81,Z81) | AE81: =(Z81-C81)/C81
B82: wfjsp_8_10 | C82: 1194 | D82: 648 | E82: 3600.5 | F82: =(C82-D82)/C82 | G82: =(C82-MIN(C82,H82,N82,T82,Z82))/MIN(C82,H82,N82,T82,Z82) | H82: 1210 | I82: 1163 | J82: 3600.03 | K82: =(H82-I82)/H82 | L82: =(H82-MIN(C82,H82,N82,T82,Z82))/MIN(C82,H82,N82,T82,Z82) | M82: =(H82-C82)/C82 | N82: 1231 | O82: 1163 | P82: 3600.1 | Q82: =(N82-O82)/N82 | R82: =(N82-MIN(C82,H82,N82,T82,Z82))/MIN(C82,H82,N82,T82,Z82) | S82: =(N82-C82)/C82 | T82: 1197 | U82: 1163 | V82: 3600.06 | W82: =(T82-U82)/T82 | X82: =(T82-MIN(C82,H82,N82,T82,Z82))/MIN(C82,H82,N82,T82,Z82) | Y82: =(T82-C82)/C82 | Z82: 1197 | AA82: 1163 | AB82: 3600.03 | AC82: =(Z82-AA82)/Z82 | AD82: =(Z82-MIN(C82,H82,N82,T82,Z82))/MIN(C82,H82,N82,T82,Z82) | AE82: =(Z82-C82)/C82
A83: 15*5*5 | B83: wfjsp_9_1 | C83: 1314 | D83: 493 | E83: 3600 | F83: =(C83-D83)/C83 | G83: =(C83-MIN(C83,H83,N83,T83,Z83))/MIN(C83,H83,N83,T83,Z83) | H83: 1313 | I83: 1239 | J83: 3600.04 | K83: =(H83-I83)/H83 | L83: =(H83-MIN(C83,H83,N83,T83,Z83))/MIN(C83,H83,N83,T83,Z83) | M83: =(H83-C83)/C83 | N83: 1333 | O83: 1239 | P83: 3600.09 | Q83: =(N83-O83)/N83 | R83: =(N83-MIN(C83,H83,N83,T83,Z83))/MIN(C83,H83,N83,T83,Z83) | S83: =(N83-C83)/C83 | T83: 1320 | U83: 1239 | V83: 3600.06 | W83: =(T83-U83)/T83 | X83: =(T83-MIN(C83,H83,N83,T83,Z83))/MIN(C83,H83,N83,T83,Z83) | Y83: =(T83-C83)/C83 | Z83: 1315 | AA83: 1239 | AB83: 3600.03 | AC83: =(Z83-AA83)/Z83 | AD83: =(Z83-MIN(C83,H83,N83,T83,Z83))/MIN(C83,H83,N83,T83,Z83) | AE83: =(Z83-C83)/C83
B84: wfjsp_9_2 | C84: 1404 | D84: 538 | E84: 3600 | F84: =(C84-D84)/C84 | G84: =(C84-MIN(C84,H84,N84,T84,Z84))/MIN(C84,H84,N84,T84,Z84) | H84: 1405 | I84: 1337 | J84: 3600.04 | K84: =(H84-I84)/H84 | L84: =(H84-MIN(C84,H84,N84,T84,Z84))/MIN(C84,H84,N84,T84,Z84) | M84: =(H84-C84)/C84 | N84: 1446 | O84: 1337 | P84: 3600.07 | Q84: =(N84-O84)/N84 | R84: =(N84-MIN(C84,H84,N84,T84,Z84))/MIN(C84,H84,N84,T84,Z84) | S84: =(N84-C84)/C84 | T84: 1405 | U84: 1337 | V84: 3600.08 | W84: =(T84-U84)/T84 | X84: =(T84-MIN(C84,H84,N84,T84,Z84))/MIN(C84,H84,N84,T84,Z84) | Y84: =(T84-C84)/C84 | Z84: 1400 | AA84: 1337 | AB84: 3600.07 | AC84: =(Z84-AA84)/Z84 | AD84: =(Z84-MIN(C84,H84,N84,T84,Z84))/MIN(C84,H84,N84,T84,Z84) | AE84: =(Z84-C84)/C84
B85: wfjsp_9_3 | C85: 1483 | D85: 567 | E85: 3600.06 | F85: =(C85-D85)/C85 | G85: =(C85-MIN(C85,H85,N85,T85,Z85))/MIN(C85,H85,N85,T85,Z85) | H85: 1485 | I85: 1419 | J85: 3600 | K85: =(H85-I85)/H85 | L85: =(H85-MIN(C85,H85,N85,T85,Z85))/MIN(C85,H85,N85,T85,Z85) | M85: =(H85-C85)/C85 | N85: 1539 | O85: 1419 | P85: 3600.08 | Q85: =(N85-O85)/N85 | R85: =(N85-MIN(C85,H85,N85,T85,Z85))/MIN(C85,H85,N85,T85,Z85) | S85: =(N85-C85)/C85 | T85: 1484 | U85: 1419 | V85: 3600.09 | W85: =(T85-U85)/T85 | X85: =(T85-MIN(C85,H85,N85,T85,Z85))/MIN(C85,H85,N85,T85,Z85) | Y85: =(T85-C85)/C85 | Z85: 1484 | AA85: 1419 | AB85: 3600.04 | AC85: =(Z85-AA85)/Z85 | AD85: =(Z85-MIN(C85,H85,N85,T85,Z85))/MIN(C85,H85,N85,T85,Z85) | AE85: =(Z85-C85)/C85
B86: wfjsp_9_4 | C86: 1357 | D86: 553 | E86: 3600.12 | F86: =(C86-D86)/C86 | G86: =(C86-MIN(C86,H86,N86,T86,Z86))/MIN(C86,H86,N86,T86,Z86) | H86: 1368 | I86: 1300 | J86: 3601.12 | K86: =(H86-I86)/H86 | L86: =(H86-MIN(C86,H86,N86,T86,Z86))/MIN(C86,H86,N86,T86,Z86) | M86: =(H86-C86)/C86 | N86: 1389 | O86: 1300 | P86: 3600.09 | Q86: =(N86-O86)/N86 | R86: =(N86-MIN(C86,H86,N86,T86,Z86))/MIN(C86,H86,N86,T86,Z86) | S86: =(N86-C86)/C86 | T86: 1361 | U86: 1300 | V86: 3600.1 | W86: =(T86-U86)/T86 | X86: =(T86-MIN(C86,H86,N86,T86,Z86))/MIN(C86,H86,N86,T86,Z86) | Y86: =(T86-C86)/C86 | Z86: 1361 | AA86: 1300 | AB86: 3600.05 | AC86: =(Z86-AA86)/Z86 | AD86: =(Z86-MIN(C86,H86,N86,T86,Z86))/MIN(C86,H86,N86,T86,Z86) | AE86: =(Z86-C86)/C86
B87: wfjsp_9_5 | C87: 1247 | D87: 482 | E87: 3600.12 | F87: =(C87-D87)/C87 | G87: =(C87-MIN(C87,H87,N87,T87,Z87))/MIN(C87,H87,N87,T87,Z87) | H87: 1268 | I87: 1209 | J87: 3600 | K87: =(H87-I87)/H87 | L87: =(H87-MIN(C87,H87,N87,T87,Z87))/MIN(C87,H87,N87,T87,Z87) | M87: =(H87-C87)/C87 | N87: 1301 | O87: 1209 | P87: 3600.1 | Q87: =(N87-O87)/N87 | R87: =(N87-MIN(C87,H87,N87,T87,Z87))/MIN(C87,H87,N87,T87,Z87) | S87: =(N87-C87)/C87 | T87: 1251 | U87: 1209 | V87: 3600.03 | W87: =(T87-U87)/T87 | X87: =(T87-MIN(C87,H87,N87,T87,Z87))/MIN(C87,H87,N87,T87,Z87) | Y87: =(T87-C87)/C87 | Z87: 1251 | AA87: 1209 | AB87: 3600 | AC87: =(Z87-AA87)/Z87 | AD87: =(Z87-MIN(C87,H87,N87,T87,Z87))/MIN(C87,H87,N87,T87,Z87) | AE87: =(Z87-C87)/C87
B88: wfjsp_9_6 | C88: 1383 | D88: 584 | E88: 3600.12 | F88: =(C88-D88)/C88 | G88: =(C88-MIN(C88,H88,N88,T88,Z88))/MIN(C88,H88,N88,T88,Z88) | H88: 1400 | I88: 1342 | J88: 3600.04 | K88: =(H88-I88)/H88 | L88: =(H88-MIN(C88,H88,N88,T88,Z88))/MIN(C88,H88,N88,T88,Z88) | M88: =(H88-C88)/C88 | N88: 1441 | O88: 1342 | P88: 3600.1 | Q88: =(N88-O88)/N88 | R88: =(N88-MIN(C88,H88,N88,T88,Z88))/MIN(C88,H88,N88,T88,Z88) | S88: =(N88-C88)/C88 | T88: 1386 | U88: 1342 | V88: 3600.1 | W88: =(T88-U88)/T88 | X88: =(T88-MIN(C88,H88,N88,T88,Z88))/MIN(C88,H88,N88,T88,Z88) | Y88: =(T88-C88)/C88 | Z88: 1386 | AA88: 1342 | AB88: 3600 | AC88: =(Z88-AA88)/Z88 | AD88: =(Z88-MIN(C88,H88,N88,T88,Z88))/MIN(C88,H88,N88,T88,Z88) | AE88: =(Z88-C88)/C88
B89: wfjsp_9_7 | C89: 1318 | D89: 562 | E89: 3600.12 | F89: =(C89-D89)/C89 | G89: =(C89-MIN(C89,H89,N89,T89,Z89))/MIN(C89,H89,N89,T89,Z89) | H89: 1328 | I89: 1248 | J89: 3600.02 | K89: =(H89-I89)/H89 | L89: =(H89-MIN(C89,H89,N89,T89,Z89))/MIN(C89,H89,N89,T89,Z89) | M89: =(H89-C89)/C89 | N89: 1340 | O89: 1248 | P89: 3600.13 | Q89: =(N89-O89)/N89 | R89: =(N89-MIN(C89,H89,N89,T89,Z89))/MIN(C89,H89,N89,T89,Z89) | S89: =(N89-C89)/C89 | T89: 1331 | U89: 1248 | V89: 3600.09 | W89: =(T89-U89)/T89 | X89: =(T89-MIN(C89,H89,N89,T89,Z89))/MIN(C89,H89,N89,T89,Z89) | Y89: =(T89-C89)/C89 | Z89: 1330 | AA89: 1248 | AB89: 3600 | AC89: =(Z89-AA89)/Z89 | AD89: =(Z89-MIN(C89,H89,N89,T89,Z89))/MIN(C89,H89,N89,T89,Z89) | AE89: =(Z89-C89)/C89
B90: wfjsp_9_8 | C90: 1386 | D90: 639 | E90: 3600 | F90: =(C90-D90)/C90 | G90: =(C90-MIN(C90,H90,N90,T90,Z90))/MIN(C90,H90,N90,T90,Z90) | H90: 1399 | I90: 1315 | J90: 3600.03 | K90: =(H90-I90)/H90 | L90: =(H90-MIN(C90,H90,N90,T90,Z90))/MIN(C90,H90,N90,T90,Z90) | M90: =(H90-C90)/C90 | N90: 1421 | O90: 1315 | P90: 3600.11 | Q90: =(N90-O90)/N90 | R90: =(N90-MIN(C90,H90,N90,T90,Z90))/MIN(C90,H90,N90,T90,Z90) | S90: =(N90-C90)/C90 | T90: 1403 | U90: 1315 | V90: 3600.05 | W90: =(T90-U90)/T90 | X90: =(T90-MIN(C90,H90,N90,T90,Z90))/MIN(C90,H90,N90,T90,Z90) | Y90: =(T90-C90)/C90 | Z90: 1390 | AA90: 1315 | AB90: 3600 | AC90: =(Z90-AA90)/Z90 | AD90: =(Z90-MIN(C90,H90,N90,T90,Z90))/MIN(C90,H90,N90,T90,Z90) | AE90: =(Z90-C90)/C90
B91: wfjsp_9_9 | C91: 1294 | D91: 544 | E91: 3600.12 | F91: =(C91-D91)/C91 | G91: =(C91-MIN(C91,H91,N91,T91,Z91))/MIN(C91,H91,N91,T91,Z91) | H91: 1292 | I91: 1227 | J91: 3600.03 | K91: =(H91-I91)/H91 | L91: =(H91-MIN(C91,H91,N91,T91,Z91))/MIN(C91,H91,N91,T91,Z91) | M91: =(H91-C91)/C91 | N91: 1298 | O91: 1227 | P91: 3600.06 | Q91: =(N91-O91)/N91 | R91: =(N91-MIN(C91,H91,N91,T91,Z91))/MIN(C91,H91,N91,T91,Z91) | S91: =(N91-C91)/C91 | T91: 1301 | U91: 1227 | V91: 3600.08 | W91: =(T91-U91)/T91 | X91: =(T91-MIN(C91,H91,N91,T91,Z91))/MIN(C91,H91,N91,T91,Z91) | Y91: =(T91-C91)/C91 | Z91: 1298 | AA91: 1227 | AB91: 3600.04 | AC91: =(Z91-AA91)/Z91 | AD91: =(Z91-MIN(C91,H91,N91,T91,Z91))/MIN(C91,H91,N91,T91,Z91) | AE91: =(Z91-C91)/C91
B92: wfjsp_9_10 | C92: 1414 | D92: 675 | E92: 3600.12 | F92: =(C92-D92)/C92 | G92: =(C92-MIN(C92,H92,N92,T92,Z92))/MIN(C92,H92,N92,T92,Z92) | H92: 1431 | I92: 1375 | J92: 3601.11 | K92: =(H92-I92)/H92 | L92: =(H92-MIN(C92,H92,N92,T92,Z92))/MIN(C92,H92,N92,T92,Z92) | M92: =(H92-C92)/C92 | N92: 1475 | O92: 1375 | P92: 3600.08 | Q92: =(N92-O92)/N92 | R92: =(N92-MIN(C92,H92,N92,T92,Z92))/MIN(C92,H92,N92,T92,Z92) | S92: =(N92-C92)/C92 | T92: 1423 | U92: 1375 | V92: 3600.08 | W92: =(T92-U92)/T92 | X92: =(T92-MIN(C92,H92,N92,T92,Z92))/MIN(C92,H92,N92,T92,Z92) | Y92: =(T92-C92)/C92 | Z92: 1421 | AA92: 1375 | AB92: 3600.08 | AC92: =(Z92-AA92)/Z92 | AD92: =(Z92-MIN(C92,H92,N92,T92,Z92))/MIN(C92,H92,N92,T92,Z92) | AE92: =(Z92-C92)/C92
A93: 20*10*10 | B93: wfjsp_10_1 | C93: 781 | D93: 535 | E93: 3600.25 | F93: =(C93-D93)/C93 | G93: =(C93-MIN(C93,H93,N93,T93,Z93))/MIN(C93,H93,N93,T93,Z93) | H93: 779 | I93: 695 | J93: 3600.08 | K93: =(H93-I93)/H93 | L93: =(H93-MIN(C93,H93,N93,T93,Z93))/MIN(C93,H93,N93,T93,Z93) | M93: =(H93-C93)/C93 | N93: 849 | O93: 695 | P93: 3600.09 | Q93: =(N93-O93)/N93 | R93: =(N93-MIN(C93,H93,N93,T93,Z93))/MIN(C93,H93,N93,T93,Z93) | S93: =(N93-C93)/C93 | T93: 781 | U93: 695 | V93: 3600.15 | W93: =(T93-U93)/T93 | X93: =(T93-MIN(C93,H93,N93,T93,Z93))/MIN(C93,H93,N93,T93,Z93) | Y93: =(T93-C93)/C93 | Z93: 774 | AA93: 695 | AB93: 3600.17 | AC93: =(Z93-AA93)/Z93 | AD93: =(Z93-MIN(C93,H93,N93,T93,Z93))/MIN(C93,H93,N93,T93,Z93) | AE93: =(Z93-C93)/C93
B94: wfjsp_10_2 | C94: 836 | D94: 544 | E94: 3600.12 | F94: =(C94-D94)/C94 | G94: =(C94-MIN(C94,H94,N94,T94,Z94))/MIN(C94,H94,N94,T94,Z94) | H94: 853 | I94: 763 | J94: 3600.19 | K94: =(H94-I94)/H94 | L94: =(H94-MIN(C94,H94,N94,T94,Z94))/MIN(C94,H94,N94,T94,Z94) | M94: =(H94-C94)/C94 | N94: 967 | O94: 763 | P94: 3600.17 | Q94: =(N94-O94)/N94 | R94: =(N94-MIN(C94,H94,N94,T94,Z94))/MIN(C94,H94,N94,T94,Z94) | S94: =(N94-C94)/C94 | T94: 837 | U94: 763 | V94: 3600.16 | W94: =(T94-U94)/T94 | X94: =(T94-MIN(C94,H94,N94,T94,Z94))/MIN(C94,H94,N94,T94,Z94) | Y94: =(T94-C94)/C94 | Z94: 837 | AA94: 763 | AB94: 3600.12 | AC94: =(Z94-AA94)/Z94 | AD94: =(Z94-MIN(C94,H94,N94,T94,Z94))/MIN(C94,H94,N94,T94,Z94) | AE94: =(Z94-C94)/C94
B95: wfjsp_10_3 | C95: 923 | D95: 636 | E95: 3600.25 | F95: =(C95-D95)/C95 | G95: =(C95-MIN(C95,H95,N95,T95,Z95))/MIN(C95,H95,N95,T95,Z95) | H95: 927 | I95: 840 | J95: 3601.2 | K95: =(H95-I95)/H95 | L95: =(H95-MIN(C95,H95,N95,T95,Z95))/MIN(C95,H95,N95,T95,Z95) | M95: =(H95-C95)/C95 | N95: 1018 | O95: 840 | P95: 3600.15 | Q95: =(N95-O95)/N95 | R95: =(N95-MIN(C95,H95,N95,T95,Z95))/MIN(C95,H95,N95,T95,Z95) | S95: =(N95-C95)/C95 | T95: 932 | U95: 840 | V95: 3600.17 | W95: =(T95-U95)/T95 | X95: =(T95-MIN(C95,H95,N95,T95,Z95))/MIN(C95,H95,N95,T95,Z95) | Y95: =(T95-C95)/C95 | Z95: 923 | AA95: 840 | AB95: 3601.24 | AC95: =(Z95-AA95)/Z95 | AD95: =(Z95-MIN(C95,H95,N95,T95,Z95))/MIN(C95,H95,N95,T95,Z95) | AE95: =(Z95-C95)/C95
B96: wfjsp_10_4 | C96: 873 | D96: 560 | E96: 3600.12 | F96: =(C96-D96)/C96 | G96: =(C96-MIN(C96,H96,N96,T96,Z96))/MIN(C96,H96,N96,T96,Z96) | H96: 870 | I96: 784 | J96: 3601.14 | K96: =(H96-I96)/H96 | L96: =(H96-MIN(C96,H96,N96,T96,Z96))/MIN(C96,H96,N96,T96,Z96) | M96: =(H96-C96)/C96 | N96: 927 | O96: 784 | P96: 3600.15 | Q96: =(N96-O96)/N96 | R96: =(N96-MIN(C96,H96,N96,T96,Z96))/MIN(C96,H96,N96,T96,Z96) | S96: =(N96-C96)/C96 | T96: 874 | U96: 784 | V96: 3600.13 | W96: =(T96-U96)/T96 | X96: =(T96-MIN(C96,H96,N96,T96,Z96))/MIN(C96,H96,N96,T96,Z96) | Y96: =(T96-C96)/C96 | Z96: 870 | AA96: 784 | AB96: 3601.19 | AC96: =(Z96-AA96)/Z96 | AD96: =(Z96-MIN(C96,H96,N96,T96,Z96))/MIN(C96,H96,N96,T96,Z96) | AE96: =(Z96-C96)/C96
B97: wfjsp_10_5 | C97: 733 | D97: 558 | E97: 3600.12 | F97: =(C97-D97)/C97 | G97: =(C97-MIN(C97,H97,N97,T97,Z97))/MIN(C97,H97,N97,T97,Z97) | H97: 729 | I97: 657 | J97: 3600.03 | K97: =(H97-I97)/H97 | L97: =(H97-MIN(C97,H97,N97,T97,Z97))/MIN(C97,H97,N97,T97,Z97) | M97: =(H97-C97)/C97 | N97: 817 | O97: 657 | P97: 3600.11 | Q97: =(N97-O97)/N97 | R97: =(N97-MIN(C97,H97,N97,T97,Z97))/MIN(C97,H97,N97,T97,Z97) | S97: =(N97-C97)/C97 | T97: 742 | U97: 657 | V97: 3600.09 | W97: =(T97-U97)/T97 | X97: =(T97-MIN(C97,H97,N97,T97,Z97))/MIN(C97,H97,N97,T97,Z97) | Y97: =(T97-C97)/C97 | Z97: 730 | AA97: 657 | AB97: 3601.22 | AC97: =(Z97-AA97)/Z97 | AD97: =(Z97-MIN(C97,H97,N97,T97,Z97))/MIN(C97,H97,N97,T97,Z97) | AE97: =(Z97-C97)/C97
B98: wfjsp_10_6 | C98: 896 | D98: 550 | E98: 3600.12 | F98: =(C98-D98)/C98 | G98: =(C98-MIN(C98,H98,N98,T98,Z98))/MIN(C98,H98,N98,T98,Z98) | H98: 915 | I98: 829 | J98: 3601.22 | K98: =(H98-I98)/H98 | L98: =(H98-MIN(C98,H98,N98,T98,Z98))/MIN(C98,H98,N98,T98,Z98) | M98: =(H98-C98)/C98 | N98: 984 | O98: 829 | P98: 3600.06 | Q98: =(N98-O98)/N98 | R98: =(N98-MIN(C98,H98,N98,T98,Z98))/MIN(C98,H98,N98,T98,Z98) | S98: =(N98-C98)/C98 | T98: 898 | U98: 829 | V98: 3600.15 | W98: =(T98-U98)/T98 | X98: =(T98-MIN(C98,H98,N98,T98,Z98))/MIN(C98,H98,N98,T98,Z98) | Y98: =(T98-C98)/C98 | Z98: 898 | AA98: 829 | AB98: 3601.18 | AC98: =(Z98-AA98)/Z98 | AD98: =(Z98-MIN(C98,H98,N98,T98,Z98))/MIN(C98,H98,N98,T98,Z98) | AE98: =(Z98-C98)/C98
B99: wfjsp_10_7 | C99: 819 | D99: 530 | E99: 3600.25 | F99: =(C99-D99)/C99 | G99: =(C99-MIN(C99,H99,N99,T99,Z99))/MIN(C99,H99,N99,T99,Z99) | H99: 822 | I99: 743 | J99: 3600.14 | K99: =(H99-I99)/H99 | L99: =(H99-MIN(C99,H99,N99,T99,Z99))/MIN(C99,H99,N99,T99,Z99) | M99: =(H99-C99)/C99 | N99: 912 | O99: 743 | P99: 3600.17 | Q99: =(N99-O99)/N99 | R99: =(N99-MIN(C99,H99,N99,T99,Z99))/MIN(C99,H99,N99,T99,Z99) | S99: =(N99-C99)/C99 | T99: 820 | U99: 743 | V99: 3600.14 | W99: =(T99-U99)/T99 | X99: =(T99-MIN(C99,H99,N99,T99,Z99))/MIN(C99,H99,N99,T99,Z99) | Y99: =(T99-C99)/C99 | Z99: 820 | AA99: 743 | AB99: 3601.18 | AC99: =(Z99-AA99)/Z99 | AD99: =(Z99-MIN(C99,H99,N99,T99,Z99))/MIN(C99,H99,N99,T99,Z99) | AE99: =(Z99-C99)/C99
B100: wfjsp_10_8 | C100: 824 | D100: 581 | E100: 3600.25 | F100: =(C100-D100)/C100 | G100: =(C100-MIN(C100,H100,N100,T100,Z100))/MIN(C100,H100,N100,T100,Z100) | H100: 840 | I100: 740 | J100: 3600.1 | K100: =(H100-I100)/H100 | L100: =(H100-MIN(C100,H100,N100,T100,Z100))/MIN(C100,H100,N100,T100,Z100) | M100: =(H100-C100)/C100 | N100: 901 | O100: 740 | P100: 3600.12 | Q100: =(N100-O100)/N100 | R100: =(N100-MIN(C100,H100,N100,T100,Z100))/MIN(C100,H100,N100,T100,Z100) | S100: =(N100-C100)/C100 | T100: 826 | U100: 740 | V100: 3600.13 | W100: =(T100-U100)/T100 | X100: =(T100-MIN(C100,H100,N100,T100,Z100))/MIN(C100,H100,N100,T100,Z100) | Y100: =(T100-C100)/C100 | Z100: 826 | AA100: 740 | AB100: 3601.09 | AC100: =(Z100-AA100)/Z100 | AD100: =(Z100-MIN(C100,H100,N100,T100,Z100))/MIN(C100,H100,N100,T100,Z100) | AE100: =(Z100-C100)/C100
...

Sheet Exact Methods_lit
A1: Scale(Jobs,M,W) | B1: Instance | C1: CP (IBM CP optimizer, 1 h, HPC) | H1: LBBD_CP_TS | N1: LBBD_CP | T1: CP_LBBD_CP | Z1: CP_LBBD_CP_TS
C2: UB | D2: LB | E2: CPU Time | F2: Gap% | G2: RPD | H2: UB | I2: LB | J2: CPU Time | K2: Gap% | L2: RPD | M2: Q | N2: UB | O2: LB | P2: CPU Time | Q2: Gap% | R2: RPD | S2: Q | T2: UB | U2: LB | V2: CPU Time | W2: Gap% | X2: RPD | Y2: Q | Z2: UB | AA2: LB | AB2: CPU Time | AC2: Gap% | AD2: RPD | AE2: Q
A3: 10*6*4 | B3: Mk01 | C3: 70 | D3: 40 | E3: 3600 | F3: =(C3-D3)/C3 | G3: =(C3-MIN(C3,H3,N3,T3,Z3))/MIN(C3,H3,N3,T3,Z3) | H3: 71 | I3: 68 | J3: 3600 | K3: =(H3-I3)/H3 | L3: =(H3-MIN(C3,H3,N3,T3,Z3))/MIN(C3,H3,N3,T3,Z3) | M3: =(H3-C3)/C3 | N3: 71 | O3: 68 | P3: 3600.03 | Q3: =(N3-O3)/N3 | R3: =(N3-MIN(C3,H3,N3,T3,Z3))/MIN(C3,H3,N3,T3,Z3) | S3: =(N3-C3)/C3 | T3: 70 | U3: 68 | V3: 3600.03 | W3: =(T3-U3)/T3 | X3: =(T3-MIN(C3,H3,N3,T3,Z3))/MIN(C3,H3,N3,T3,Z3) | Y3: =(T3-C3)/C3 | Z3: 70 | AA3: 68 | AB3: 3601.06 | AC3: =(Z3-AA3)/Z3 | AD3: =(Z3-MIN(C3,H3,N3,T3,Z3))/MIN(C3,H3,N3,T3,Z3) | AE3: =(Z3-C3)/C3
B4: Mk02 | C4: 67 | D4: 36 | E4: 3600.62 | F4: =(C4-D4)/C4 | G4: =(C4-MIN(C4,H4,N4,T4,Z4))/MIN(C4,H4,N4,T4,Z4) | H4: 68 | I4: 66 | J4: 3601.04 | K4: =(H4-I4)/H4 | L4: =(H4-MIN(C4,H4,N4,T4,Z4))/MIN(C4,H4,N4,T4,Z4) | M4: =(H4-C4)/C4 | N4: 68 | O4: 66 | P4: 3600.05 | Q4: =(N4-O4)/N4 | R4: =(N4-MIN(C4,H4,N4,T4,Z4))/MIN(C4,H4,N4,T4,Z4) | S4: =(N4-C4)/C4 | T4: 67 | U4: 66 | V4: 3600.05 | W4: =(T4-U4)/T4 | X4: =(T4-MIN(C4,H4,N4,T4,Z4))/MIN(C4,H4,N4,T4,Z4) | Y4: =(T4-C4)/C4 | Z4: 67 | AA4: 66 | AB4: 3600 | AC4: =(Z4-AA4)/Z4 | AD4: =(Z4-MIN(C4,H4,N4,T4,Z4))/MIN(C4,H4,N4,T4,Z4) | AE4: =(Z4-C4)/C4
A5: 15*8*6 | B5: Mk03 | C5: 238 | D5: 93 | E5: 3600.25 | F5: =(C5-D5)/C5 | G5: =(C5-MIN(C5,H5,N5,T5,Z5))/MIN(C5,H5,N5,T5,Z5) | H5: 238 | I5: 238 | J5: 677.63 | K5: =(H5-I5)/H5 | L5: =(H5-MIN(C5,H5,N5,T5,Z5))/MIN(C5,H5,N5,T5,Z5) | M5: =(H5-C5)/C5 | N5: 239 | O5: 238 | P5: 3600.11 | Q5: =(N5-O5)/N5 | R5: =(N5-MIN(C5,H5,N5,T5,Z5))/MIN(C5,H5,N5,T5,Z5) | S5: =(N5-C5)/C5 | T5: 238 | U5: 238 | V5: 2407.68 | W5: =(T5-U5)/T5 | X5: =(T5-MIN(C5,H5,N5,T5,Z5))/MIN(C5,H5,N5,T5,Z5) | Y5: =(T5-C5)/C5 | Z5: 238 | AA5: 238 | AB5: 2401.48 | AC5: =(Z5-AA5)/Z5 | AD5: =(Z5-MIN(C5,H5,N5,T5,Z5))/MIN(C5,H5,N5,T5,Z5) | AE5: =(Z5-C5)/C5
B6: Mk04 | C6: 95 | D6: 58 | E6: 3600 | F6: =(C6-D6)/C6 | G6: =(C6-MIN(C6,H6,N6,T6,Z6))/MIN(C6,H6,N6,T6,Z6) | H6: 94 | I6: 89 | J6: 3601.12 | K6: =(H6-I6)/H6 | L6: =(H6-MIN(C6,H6,N6,T6,Z6))/MIN(C6,H6,N6,T6,Z6) | M6: =(H6-C6)/C6 | N6: 95 | O6: 89 | P6: 3600.07 | Q6: =(N6-O6)/N6 | R6: =(N6-MIN(C6,H6,N6,T6,Z6))/MIN(C6,H6,N6,T6,Z6) | S6: =(N6-C6)/C6 | T6: 95 | U6: 89 | V6: 3600.09 | W6: =(T6-U6)/T6 | X6: =(T6-MIN(C6,H6,N6,T6,Z6))/MIN(C6,H6,N6,T6,Z6) | Y6: =(T6-C6)/C6 | Z6: 95 | AA6: 89 | AB6: 3601.1 | AC6: =(Z6-AA6)/Z6 | AD6: =(Z6-MIN(C6,H6,N6,T6,Z6))/MIN(C6,H6,N6,T6,Z6) | AE6: =(Z6-C6)/C6
A7: 15*4*3 | B7: Mk05 | C7: 299 | D7: 84 | E7: 3600 | F7: =(C7-D7)/C7 | G7: =(C7-MIN(C7,H7,N7,T7,Z7))/MIN(C7,H7,N7,T7,Z7) | H7: 297 | I7: 296 | J7: 3600.02 | K7: =(H7-I7)/H7 | L7: =(H7-MIN(C7,H7,N7,T7,Z7))/MIN(C7,H7,N7,T7,Z7) | M7: =(H7-C7)/C7 | N7: 296 | O7: 296 | P7: 336.537 | Q7: =(N7-O7)/N7 | R7: =(N7-MIN(C7,H7,N7,T7,Z7))/MIN(C7,H7,N7,T7,Z7) | S7: =(N7-C7)/C7 | T7: 297 | U7: 296 | V7: 3600.05 | W7: =(T7-U7)/T7 | X7: =(T7-MIN(C7,H7,N7,T7,Z7))/MIN(C7,H7,N7,T7,Z7) | Y7: =(T7-C7)/C7 | Z7: 296 | AA7: 296 | AB7: 2314.82 | AC7: =(Z7-AA7)/Z7 | AD7: =(Z7-MIN(C7,H7,N7,T7,Z7))/MIN(C7,H7,N7,T7,Z7) | AE7: =(Z7-C7)/C7
A8: 10*15*8 | B8: Mk06 | C8: 109 | D8: 75 | E8: 3600.25 | F8: =(C8-D8)/C8 | G8: =(C8-MIN(C8,H8,N8,T8,Z8))/MIN(C8,H8,N8,T8,Z8) | H8: 107 | I8: 88 | J8: 3600.16 | K8: =(H8-I8)/H8 | L8: =(H8-MIN(C8,H8,N8,T8,Z8))/MIN(C8,H8,N8,T8,Z8) | M8: =(H8-C8)/C8 | N8: 112 | O8: 88 | P8: 3600.13 | Q8: =(N8-O8)/N8 | R8: =(N8-MIN(C8,H8,N8,T8,Z8))/MIN(C8,H8,N8,T8,Z8) | S8: =(N8-C8)/C8 | T8: 110 | U8: 88 | V8: 3600.14 | W8: =(T8-U8)/T8 | X8: =(T8-MIN(C8,H8,N8,T8,Z8))/MIN(C8,H8,N8,T8,Z8) | Y8: =(T8-C8)/C8 | Z8: 109 | AA8: 88 | AB8: 3600.15 | AC8: =(Z8-AA8)/Z8 | AD8: =(Z8-MIN(C8,H8,N8,T8,Z8))/MIN(C8,H8,N8,T8,Z8) | AE8: =(Z8-C8)/C8
A9: 20*5*4 | B9: Mk07 | C9: 222 | D9: 61 | E9: 3600 | F9: =(C9-D9)/C9 | G9: =(C9-MIN(C9,H9,N9,T9,Z9))/MIN(C9,H9,N9,T9,Z9) | H9: 219 | I9: 219 | J9: 504.344 | K9: =(H9-I9)/H9 | L9: =(H9-MIN(C9,H9,N9,T9,Z9))/MIN(C9,H9,N9,T9,Z9) | M9: =(H9-C9)/C9 | N9: 220 | O9: 219 | P9: 3600.06 | Q9: =(N9-O9)/N9 | R9: =(N9-MIN(C9,H9,N9,T9,Z9))/MIN(C9,H9,N9,T9,Z9) | S9: =(N9-C9)/C9 | T9: 221 | U9: 219 | V9: 3600.07 | W9: =(T9-U9)/T9 | X9: =(T9-MIN(C9,H9,N9,T9,Z9))/MIN(C9,H9,N9,T9,Z9) | Y9: =(T9-C9)/C9 | Z9: 219 | AA9: 219 | AB9: 2371.04 | AC9: =(Z9-AA9)/Z9 | AD9: =(Z9-MIN(C9,H9,N9,T9,Z9))/MIN(C9,H9,N9,T9,Z9) | AE9: =(Z9-C9)/C9
A10: 20*10*6 | B10: Mk08 | C10: 624 | D10: 206 | E10: 3600 | F10: =(C10-D10)/C10 | G10: =(C10-MIN(C10,H10,N10,T10,Z10))/MIN(C10,H10,N10,T10,Z10) | H10: 624 | I10: 624 | J10: 684.788 | K10: =(H10-I10)/H10 | L10: =(H10-MIN(C10,H10,N10,T10,Z10))/MIN(C10,H10,N10,T10,Z10) | M10: =(H10-C10)/C10 | N10: 624 | O10: 624 | P10: 1063.57 | Q10: =(N10-O10)/N10 | R10: =(N10-MIN(C10,H10,N10,T10,Z10))/MIN(C10,H10,N10,T10,Z10) | S10: =(N10-C10)/C10 | T10: 624 | U10: 624 | V10: 2410.65 | W10: =(T10-U10)/T10 | X10: =(T10-MIN(C10,H10,N10,T10,Z10))/MIN(C10,H10,N10,T10,Z10) | Y10: =(T10-C10)/C10 | Z10: 624 | AA10: 624 | AB10: 2400.91 | AC10: =(Z10-AA10)/Z10 | AD10: =(Z10-MIN(C10,H10,N10,T10,Z10))/MIN(C10,H10,N10,T10,Z10) | AE10: =(Z10-C10)/C10
B11: Mk09 | C11: 479 | D11: 162 | E11: 3600.25 | F11: =(C11-D11)/C11 | G11: =(C11-MIN(C11,H11,N11,T11,Z11))/MIN(C11,H11,N11,T11,Z11) | H11: 466 | I11: 450 | J11: 3600.13 | K11: =(H11-I11)/H11 | L11: =(H11-MIN(C11,H11,N11,T11,Z11))/MIN(C11,H11,N11,T11,Z11) | M11: =(H11-C11)/C11 | N11: 472 | O11: 450 | P11: 3600.1 | Q11: =(N11-O11)/N11 | R11: =(N11-MIN(C11,H11,N11,T11,Z11))/MIN(C11,H11,N11,T11,Z11) | S11: =(N11-C11)/C11 | T11: 475 | U11: 450 | V11: 3600.15 | W11: =(T11-U11)/T11 | X11: =(T11-MIN(C11,H11,N11,T11,Z11))/MIN(C11,H11,N11,T11,Z11) | Y11: =(T11-C11)/C11 | Z11: 468 | AA11: 450 | AB11: 3600.13 | AC11: =(Z11-AA11)/Z11 | AD11: =(Z11-MIN(C11,H11,N11,T11,Z11))/MIN(C11,H11,N11,T11,Z11) | AE11: =(Z11-C11)/C11
A12: 20*15*8 | B12: Mk10 | C12: 326 | D12: 218 | E12: 3601 | F12: =(C12-D12)/C12 | G12: =(C12-MIN(C12,H12,N12,T12,Z12))/MIN(C12,H12,N12,T12,Z12) | H12: 315 | I12: 293 | J12: 3600.01 | K12: =(H12-I12)/H12 | L12: =(H12-MIN(C12,H12,N12,T12,Z12))/MIN(C12,H12,N12,T12,Z12) | M12: =(H12-C12)/C12 | N12: 318 | O12: 293 | P12: 3600.23 | Q12: =(N12-O12)/N12 | R12: =(N12-MIN(C12,H12,N12,T12,Z12))/MIN(C12,H12,N12,T12,Z12) | S12: =(N12-C12)/C12 | T12: 325 | U12: 293 | V12: 3600.22 | W12: =(T12-U12)/T12 | X12: =(T12-MIN(C12,H12,N12,T12,Z12))/MIN(C12,H12,N12,T12,Z12) | Y12: =(T12-C12)/C12 | Z12: 316 | AA12: 293 | AB12: 3600 | AC12: =(Z12-AA12)/Z12 | AD12: =(Z12-MIN(C12,H12,N12,T12,Z12))/MIN(C12,H12,N12,T12,Z12) | AE12: =(Z12-C12)/C12
A13: 10*5*4 | B13: Dauzere_01a | C13: 2921 | D13: 1442 | E13: 3600.06 | F13: =(C13-D13)/C13 | G13: =(C13-MIN(C13,H13,N13,T13,Z13))/MIN(C13,H13,N13,T13,Z13) | H13: 2961 | I13: 2883 | J13: 3600.05 | K13: =(H13-I13)/H13 | L13: =(H13-MIN(C13,H13,N13,T13,Z13))/MIN(C13,H13,N13,T13,Z13) | M13: =(H13-C13)/C13 | N13: 3111 | O13: 2883 | P13: 3600.06 | Q13: =(N13-O13)/N13 | R13: =(N13-MIN(C13,H13,N13,T13,Z13))/MIN(C13,H13,N13,T13,Z13) | S13: =(N13-C13)/C13 | T13: 2922 | U13: 2883 | V13: 3600.08 | W13: =(T13-U13)/T13 | X13: =(T13-MIN(C13,H13,N13,T13,Z13))/MIN(C13,H13,N13,T13,Z13) | Y13: =(T13-C13)/C13 | Z13: 2922 | AA13: 2883 | AB13: 3600.05 | AC13: =(Z13-AA13)/Z13 | AD13: =(Z13-MIN(C13,H13,N13,T13,Z13))/MIN(C13,H13,N13,T13,Z13) | AE13: =(Z13-C13)/C13
B14: Dauzere_02a | C14: 2914 | D14: 1441 | E14: 3600.12 | F14: =(C14-D14)/C14 | G14: =(C14-MIN(C14,H14,N14,T14,Z14))/MIN(C14,H14,N14,T14,Z14) | H14: 2931 | I14: 2881 | J14: 3600.01 | K14: =(H14-I14)/H14 | L14: =(H14-MIN(C14,H14,N14,T14,Z14))/MIN(C14,H14,N14,T14,Z14) | M14: =(H14-C14)/C14 | N14: 2959 | O14: 2881 | P14: 3600.07 | Q14: =(N14-O14)/N14 | R14: =(N14-MIN(C14,H14,N14,T14,Z14))/MIN(C14,H14,N14,T14,Z14) | S14: =(N14-C14)/C14 | T14: 2915 | U14: 2881 | V14: 3600.06 | W14: =(T14-U14)/T14 | X14: =(T14-MIN(C14,H14,N14,T14,Z14))/MIN(C14,H14,N14,T14,Z14) | Y14: =(T14-C14)/C14 | Z14: 2915 | AA14: 2881 | AB14: 3600.05 | AC14: =(Z14-AA14)/Z14 | AD14: =(Z14-MIN(C14,H14,N14,T14,Z14))/MIN(C14,H14,N14,T14,Z14) | AE14: =(Z14-C14)/C14
B15: Dauzere_03a | C15: 2910 | D15: 1440 | E15: 3600.06 | F15: =(C15-D15)/C15 | G15: =(C15-MIN(C15,H15,N15,T15,Z15))/MIN(C15,H15,N15,T15,Z15) | H15: 2918 | I15: 2881 | J15: 3600.04 | K15: =(H15-I15)/H15 | L15: =(H15-MIN(C15,H15,N15,T15,Z15))/MIN(C15,H15,N15,T15,Z15) | M15: =(H15-C15)/C15 | N15: 2972 | O15: 2881 | P15: 3600.06 | Q15: =(N15-O15)/N15 | R15: =(N15-MIN(C15,H15,N15,T15,Z15))/MIN(C15,H15,N15,T15,Z15) | S15: =(N15-C15)/C15 | T15: 2911 | U15: 2881 | V15: 3600.09 | W15: =(T15-U15)/T15 | X15: =(T15-MIN(C15,H15,N15,T15,Z15))/MIN(C15,H15,N15,T15,Z15) | Y15: =(T15-C15)/C15 | Z15: 2911 | AA15: 2881 | AB15: 3600.04 | AC15: =(Z15-AA15)/Z15 | AD15: =(Z15-MIN(C15,H15,N15,T15,Z15))/MIN(C15,H15,N15,T15,Z15) | AE15: =(Z15-C15)/C15
B16: Dauzere_04a | C16: 2911 | D16: 1423 | E16: 3600.19 | F16: =(C16-D16)/C16 | G16: =(C16-MIN(C16,H16,N16,T16,Z16))/MIN(C16,H16,N16,T16,Z16) | H16: 2928 | I16: 2865 | J16: 3600.05 | K16: =(H16-I16)/H16 | L16: =(H16-MIN(C16,H16,N16,T16,Z16))/MIN(C16,H16,N16,T16,Z16) | M16: =(H16-C16)/C16 | N16: 3035 | O16: 2865 | P16: 3600.07 | Q16: =(N16-O16)/N16 | R16: =(N16-MIN(C16,H16,N16,T16,Z16))/MIN(C16,H16,N16,T16,Z16) | S16: =(N16-C16)/C16 | T16: 2918 | U16: 2865 | V16: 3600.07 | W16: =(T16-U16)/T16 | X16: =(T16-MIN(C16,H16,N16,T16,Z16))/MIN(C16,H16,N16,T16,Z16) | Y16: =(T16-C16)/C16 | Z16: 2918 | AA16: 2865 | AB16: 3600.04 | AC16: =(Z16-AA16)/Z16 | AD16: =(Z16-MIN(C16,H16,N16,T16,Z16))/MIN(C16,H16,N16,T16,Z16) | AE16: =(Z16-C16)/C16
B17: Dauzere_05a | C17: 2888 | D17: 1402 | E17: 3600 | F17: =(C17-D17)/C17 | G17: =(C17-MIN(C17,H17,N17,T17,Z17))/MIN(C17,H17,N17,T17,Z17) | H17: 2901 | I17: 2834 | J17: 3600.06 | K17: =(H17-I17)/H17 | L17: =(H17-MIN(C17,H17,N17,T17,Z17))/MIN(C17,H17,N17,T17,Z17) | M17: =(H17-C17)/C17 | N17: 2950 | O17: 2834 | P17: 3600.08 | Q17: =(N17-O17)/N17 | R17: =(N17-MIN(C17,H17,N17,T17,Z17))/MIN(C17,H17,N17,T17,Z17) | S17: =(N17-C17)/C17 | T17: 2890 | U17: 2834 | V17: 3600.1 | W17: =(T17-U17)/T17 | X17: =(T17-MIN(C17,H17,N17,T17,Z17))/MIN(C17,H17,N17,T17,Z17) | Y17: =(T17-C17)/C17 | Z17: 2890 | AA17: 2834 | AB17: 3600.05 | AC17: =(Z17-AA17)/Z17 | AD17: =(Z17-MIN(C17,H17,N17,T17,Z17))/MIN(C17,H17,N17,T17,Z17) | AE17: =(Z17-C17)/C17
B18: Dauzere_06a | C18: 2877 | D18: 1388 | E18: 3600.25 | F18: =(C18-D18)/C18 | G18: =(C18-MIN(C18,H18,N18,T18,Z18))/MIN(C18,H18,N18,T18,Z18) | H18: 2885 | I18: 2801 | J18: 3600 | K18: =(H18-I18)/H18 | L18: =(H18-MIN(C18,H18,N18,T18,Z18))/MIN(C18,H18,N18,T18,Z18) | M18: =(H18-C18)/C18 | N18: 2902 | O18: 2801 | P18: 3600.08 | Q18: =(N18-O18)/N18 | R18: =(N18-MIN(C18,H18,N18,T18,Z18))/MIN(C18,H18,N18,T18,Z18) | S18: =(N18-C18)/C18 | T18: 2885 | U18: 2801 | V18: 3600.07 | W18: =(T18-U18)/T18 | X18: =(T18-MIN(C18,H18,N18,T18,Z18))/MIN(C18,H18,N18,T18,Z18) | Y18: =(T18-C18)/C18 | Z18: 2885 | AA18: 2801 | AB18: 3600.03 | AC18: =(Z18-AA18)/Z18 | AD18: =(Z18-MIN(C18,H18,N18,T18,Z18))/MIN(C18,H18,N18,T18,Z18) | AE18: =(Z18-C18)/C18
A19: 15*8*6 | B19: Dauzere_07a | C19: 2917 | D19: 1939 | E19: 3600.25 | F19: =(C19-D19)/C19 | G19: =(C19-MIN(C19,H19,N19,T19,Z19))/MIN(C19,H19,N19,T19,Z19) | H19: 2936 | I19: 2847 | J19: 3600.15 | K19: =(H19-I19)/H19 | L19: =(H19-MIN(C19,H19,N19,T19,Z19))/MIN(C19,H19,N19,T19,Z19) | M19: =(H19-C19)/C19 | N19: 3091 | O19: 2847 | P19: 3600.14 | Q19: =(N19-O19)/N19 | R19: =(N19-MIN(C19,H19,N19,T19,Z19))/MIN(C19,H19,N19,T19,Z19) | S19: =(N19-C19)/C19 | T19: 2924 | U19: 2847 | V19: 3600.11 | W19: =(T19-U19)/T19 | X19: =(T19-MIN(C19,H19,N19,T19,Z19))/MIN(C19,H19,N19,T19,Z19) | Y19: =(T19-C19)/C19 | Z19: 2918 | AA19: 2847 | AB19: 3600.15 | AC19: =(Z19-AA19)/Z19 | AD19: =(Z19-MIN(C19,H19,N19,T19,Z19))/MIN(C19,H19,N19,T19,Z19) | AE19: =(Z19-C19)/C19
B20: Dauzere_08a | C20: 2883 | D20: 1440 | E20: 3600.19 | F20: =(C20-D20)/C20 | G20: =(C20-MIN(C20,H20,N20,T20,Z20))/MIN(C20,H20,N20,T20,Z20) | H20: 2888 | I20: 2835 | J20: 3600.14 | K20: =(H20-I20)/H20 | L20: =(H20-MIN(C20,H20,N20,T20,Z20))/MIN(C20,H20,N20,T20,Z20) | M20: =(H20-C20)/C20 | N20: 2987 | O20: 2835 | P20: 3600.18 | Q20: =(N20-O20)/N20 | R20: =(N20-MIN(C20,H20,N20,T20,Z20))/MIN(C20,H20,N20,T20,Z20) | S20: =(N20-C20)/C20 | T20: 2883 | U20: 2835 | V20: 3600.15 | W20: =(T20-U20)/T20 | X20: =(T20-MIN(C20,H20,N20,T20,Z20))/MIN(C20,H20,N20,T20,Z20) | Y20: =(T20-C20)/C20 | Z20: 2883 | AA20: 2835 | AB20: 3600.05 | AC20: =(Z20-AA20)/Z20 | AD20: =(Z20-MIN(C20,H20,N20,T20,Z20))/MIN(C20,H20,N20,T20,Z20) | AE20: =(Z20-C20)/C20
B21: Dauzere_09a | C21: 2880 | D21: 1436 | E21: 3600.19 | F21: =(C21-D21)/C21 | G21: =(C21-MIN(C21,H21,N21,T21,Z21))/MIN(C21,H21,N21,T21,Z21) | H21: 2871 | I21: 2829 | J21: 3600.01 | K21: =(H21-I21)/H21 | L21: =(H21-MIN(C21,H21,N21,T21,Z21))/MIN(C21,H21,N21,T21,Z21) | M21: =(H21-C21)/C21 | N21: 2902 | O21: 2829 | P21: 3600.17 | Q21: =(N21-O21)/N21 | R21: =(N21-MIN(C21,H21,N21,T21,Z21))/MIN(C21,H21,N21,T21,Z21) | S21: =(N21-C21)/C21 | T21: 2883 | U21: 2829 | V21: 3600.13 | W21: =(T21-U21)/T21 | X21: =(T21-MIN(C21,H21,N21,T21,Z21))/MIN(C21,H21,N21,T21,Z21) | Y21: =(T21-C21)/C21 | Z21: 2871 | AA21: 2829 | AB21: 3600.01 | AC21: =(Z21-AA21)/Z21 | AD21: =(Z21-MIN(C21,H21,N21,T21,Z21))/MIN(C21,H21,N21,T21,Z21) | AE21: =(Z21-C21)/C21
B22: Dauzere_10a | C22: 2922 | D22: 1898 | E22: 3600.25 | F22: =(C22-D22)/C22 | G22: =(C22-MIN(C22,H22,N22,T22,Z22))/MIN(C22,H22,N22,T22,Z22) | H22: 2923 | I22: 2848 | J22: 3600.13 | K22: =(H22-I22)/H22 | L22: =(H22-MIN(C22,H22,N22,T22,Z22))/MIN(C22,H22,N22,T22,Z22) | M22: =(H22-C22)/C22 | N22: 3079 | O22: 2848 | P22: 3600.14 | Q22: =(N22-O22)/N22 | R22: =(N22-MIN(C22,H22,N22,T22,Z22))/MIN(C22,H22,N22,T22,Z22) | S22: =(N22-C22)/C22 | T22: 2930 | U22: 2848 | V22: 3600.17 | W22: =(T22-U22)/T22 | X22: =(T22-MIN(C22,H22,N22,T22,Z22))/MIN(C22,H22,N22,T22,Z22) | Y22: =(T22-C22)/C22 | Z22: 2926 | AA22: 2848 | AB22: 3600.14 | AC22: =(Z22-AA22)/Z22 | AD22: =(Z22-MIN(C22,H22,N22,T22,Z22))/MIN(C22,H22,N22,T22,Z22) | AE22: =(Z22-C22)/C22
B23: Dauzere_11a | C23: 2876 | D23: 1388 | E23: 3600.12 | F23: =(C23-D23)/C23 | G23: =(C23-MIN(C23,H23,N23,T23,Z23))/MIN(C23,H23,N23,T23,Z23) | H23: 2876 | I23: 2788 | J23: 3601.15 | K23: =(H23-I23)/H23 | L23: =(H23-MIN(C23,H23,N23,T23,Z23))/MIN(C23,H23,N23,T23,Z23) | M23: =(H23-C23)/C23 | N23: 2924 | O23: 2788 | P23: 3600.15 | Q23: =(N23-O23)/N23 | R23: =(N23-MIN(C23,H23,N23,T23,Z23))/MIN(C23,H23,N23,T23,Z23) | S23: =(N23-C23)/C23 | T23: 2881 | U23: 2788 | V23: 3600.21 | W23: =(T23-U23)/T23 | X23: =(T23-MIN(C23,H23,N23,T23,Z23))/MIN(C23,H23,N23,T23,Z23) | Y23: =(T23-C23)/C23 | Z23: 2870 | AA23: 2788 | AB23: 3600.15 | AC23: =(Z23-AA23)/Z23 | AD23: =(Z23-MIN(C23,H23,N23,T23,Z23))/MIN(C23,H23,N23,T23,Z23) | AE23: =(Z23-C23)/C23
B24: Dauzere_12a | C24: 2840 | D24: 1357 | E24: 3600.12 | F24: =(C24-D24)/C24 | G24: =(C24-MIN(C24,H24,N24,T24,Z24))/MIN(C24,H24,N24,T24,Z24) | H24: 2800 | I24: 2724 | J24: 3600.01 | K24: =(H24-I24)/H24 | L24: =(H24-MIN(C24,H24,N24,T24,Z24))/MIN(C24,H24,N24,T24,Z24) | M24: =(H24-C24)/C24 | N24: 2875 | O24: 2724 | P24: 3600.1 | Q24: =(N24-O24)/N24 | R24: =(N24-MIN(C24,H24,N24,T24,Z24))/MIN(C24,H24,N24,T24,Z24) | S24: =(N24-C24)/C24 | T24: 2853 | U24: 2724 | V24: 3600.08 | W24: =(T24-U24)/T24 | X24: =(T24-MIN(C24,H24,N24,T24,Z24))/MIN(C24,H24,N24,T24,Z24) | Y24: =(T24-C24)/C24 | Z24: 2809 | AA24: 2724 | AB24: 3601.19 | AC24: =(Z24-AA24)/Z24 | AD24: =(Z24-MIN(C24,H24,N24,T24,Z24))/MIN(C24,H24,N24,T24,Z24) | AE24: =(Z24-C24)/C24
B25: Average | C25: =AVERAGE(C3:C24) | D25: =AVERAGE(D3:D24) | E25: =AVERAGE(E3:E24) | F25: =AVERAGE(F3:F24) | G25: =AVERAGE(G3:G24) | H25: =AVERAGE(H3:H24) | I25: =AVERAGE(I3:I24) | J25: =AVERAGE(J3:J24) | ... AE25: =AVERAGE(AE3:AE24)

Sheet TS
A1: Scale(Jobs,M,W) | B1: Instance | C1: TS_1000_2_5 | F1: TS_2000_5_5 | I1: TS_5000_5_5 | L1: TS_10000_10_5 | O1: TS_25000_15_10 | R1: TS_50000_30_20 | U1: CP (IBM CP optimizer, 1 h, HPC)
C2: UB | D2: CPU Time | E2: Dev CP | F2: UB | G2: CPU Time | H2: Dev CP | I2: UB | J2: CPU Time | K2: Dev CP | L2: UB | M2: CPU Time | N2: Dev CP | O2: UB | P2: CPU Time | Q2: Dev CP | R2: UB | S2: CPU Time | T2: Dev CP | U2: UB | V2: LB | W2: CPU Time | X2: Gap%
A3: 5*3*3 | B3: wfjsp_1_1 | C3: 268 | D3: 0.276 | E3: =(C3-U3)/U3 | F3: 268 | G3: 0.625944 | H3: =(F3-U3)/U3 | I3: 268 | J3: 1.0678 | K3: =(I3-U3)/U3 | L3: 268 | M3: 2.08432 | N3: =(L3-U3)/U3 | O3: 268 | P3: 9.40432 | Q3: =(O3-U3)/U3 | R3: 268 | S3: 17.7753 | T3: =(R3-U3)/U3 | U3: 268 | V3: 268 | W3: 1.375 | X3: =(U3-V3)/U3
B4: wfjsp_1_2 | C4: 287 | D4: 0.186619 | E4: =(C4-U4)/U4 | F4: 287 | G4: 0.39316 | H4: =(F4-U4)/U4 | I4: 287 | J4: 0.901513 | K4: =(I4-U4)/U4 | L4: 287 | M4: 1.81661 | N4: =(L4-U4)/U4 | O4: 287 | P4: 7.05573 | Q4: =(O4-U4)/U4 | R4: 287 | S4: 13.915 | T4: =(R4-U4)/U4 | U4: 287 | V4: 287 | W4: 0.25 | X4: =(U4-V4)/U4
B5: wfjsp_1_3 | C5: 350 | D5: 0.220271 | E5: =(C5-U5)/U5 | F5: 347 | G5: 0.522759 | H5: =(F5-U5)/U5 | I5: 347 | J5: 1.24425 | K5: =(I5-U5)/U5 | L5: 347 | M5: 1.9716 | N5: =(L5-U5)/U5 | O5: 347 | P5: 8.04644 | Q5: =(O5-U5)/U5 | R5: 347 | S5: 15.2036 | T5: =(R5-U5)/U5 | U5: 347 | V5: 347 | W5: 0.875 | X5: =(U5-V5)/U5
B6: wfjsp_1_4 | C6: 315 | D6: 0.308504 | E6: =(C6-U6)/U6 | F6: 315 | G6: 0.502103 | H6: =(F6-U6)/U6 | I6: 315 | J6: 1.22037 | K6: =(I6-U6)/U6 | L6: 315 | M6: 2.46659 | N6: =(L6-U6)/U6 | O6: 315 | P6: 6.768 | Q6: =(O6-U6)/U6 | R6: 315 | S6: 13.0392 | T6: =(R6-U6)/U6 | U6: 315 | V6: 315 | W6: 2.5625 | X6: =(U6-V6)/U6
B7: wfjsp_1_5 | C7: 265 | D7: 0.146208 | E7: =(C7-U7)/U7 | F7: 265 | G7: 0.290674 | H7: =(F7-U7)/U7 | I7: 265 | J7: 0.662764 | K7: =(I7-U7)/U7 | L7: 265 | M7: 1.44902 | N7: =(L7-U7)/U7 | O7: 265 | P7: 4.17935 | Q7: =(O7-U7)/U7 | R7: 265 | S7: 8.20419 | T7: =(R7-U7)/U7 | U7: 265 | V7: 265 | W7: 0.875 | X7: =(U7-V7)/U7
B8: wfjsp_1_6 | C8: 291 | D8: 0.208164 | E8: =(C8-U8)/U8 | F8: 291 | G8: 0.3142 | H8: =(F8-U8)/U8 | I8: 291 | J8: 0.66751 | K8: =(I8-U8)/U8 | L8: 291 | M8: 1.48671 | N8: =(L8-U8)/U8 | O8: 291 | P8: 5.96132 | Q8: =(O8-U8)/U8 | R8: 291 | S8: 9.84468 | T8: =(R8-U8)/U8 | U8: 291 | V8: 291 | W8: 2.625 | X8: =(U8-V8)/U8
B9: wfjsp_1_7 | C9: 267 | D9: 0.307378 | E9: =(C9-U9)/U9 | F9: 268 | G9: 0.575029 | H9: =(F9-U9)/U9 | I9: 265 | J9: 1.28063 | K9: =(I9-U9)/U9 | L9: 265 | M9: 2.82208 | N9: =(L9-U9)/U9 | O9: 265 | P9: 11.5583 | Q9: =(O9-U9)/U9 | R9: 265 | S9: 38.6083 | T9: =(R9-U9)/U9 | U9: 265 | V9: 265 | W9: 2.625 | X9: =(U9-V9)/U9
B10: wfjsp_1_8 | C10: 328 | D10: 0.199313 | E10: =(C10-U10)/U10 | F10: 328 | G10: 0.472796 | H10: =(F10-U10)/U10 | I10: 328 | J10: 1.03931 | K10: =(I10-U10)/U10 | L10: 328 | M10: 2.08493 | N10: =(L10-U10)/U10 | O10: 328 | P10: 5.92104 | Q10: =(O10-U10)/U10 | R10: 328 | S10: 11.1766 | T10: =(R10-U10)/U10 | U10: 328 | V10: 328 | W10: 2.0625 | X10: =(U10-V10)/U10
B11: wfjsp_1_9 | C11: 254 | D11: 0.0888969 | E11: =(C11-U11)/U11 | F11: 252 | G11: 0.204752 | H11: =(F11-U11)/U11 | I11: 252 | J11: 0.730122 | K11: =(I11-U11)/U11 | L11: 252 | M11: 1.27815 | N11: =(L11-U11)/U11 | O11: 252 | P11: 3.00844 | Q11: =(O11-U11)/U11 | R11: 252 | S11: 5.34946 | T11: =(R11-U11)/U11 | U11: 252 | V11: 252 | W11: 1.375 | X11: =(U11-V11)/U11
B12: wfjsp_1_10 | C12: 317 | D12: 0.208628 | E12: =(C12-U12)/U12 | F12: 317 | G12: 0.37858 | H12: =(F12-U12)/U12 | I12: 316 | J12: 1.00137 | K12: =(I12-U12)/U12 | L12: 316 | M12: 2.05856 | N12: =(L12-U12)/U12 | O12: 316 | P12: 8.5885 | Q12: =(O12-U12)/U12 | R12: 316 | S12: 16.3232 | T12: =(R12-U12)/U12 | U12: 316 | V12: 316 | W12: 8.125 | X12: =(U12-V12)/U12
A13: 7*3*3 | B13: wfjsp_2_1 | C13: 338 | D13: 0.511869 | E13: =(C13-U13)/U13 | F13: 336 | G13: 0.814428 | H13: =(F13-U13)/U13 | I13: 336 | J13: 2.15189 | K13: =(I13-U13)/U13 | L13: 336 | M13: 4.23882 | N13: =(L13-U13)/U13 | O13: 336 | P13: 17.9148 | Q13: =(O13-U13)/U13 | R13: 336 | S13: 48.7836 | T13: =(R13-U13)/U13 | U13: 336 | V13: 336 | W13: 32.2812 | X13: =(U13-V13)/U13
B14: wfjsp_2_2 | C14: 370 | D14: 0.429817 | E14: =(C14-U14)/U14 | F14: 370 | G14: 0.899163 | H14: =(F14-U14)/U14 | I14: 368 | J14: 1.98107 | K14: =(I14-U14)/U14 | L14: 369 | M14: 4.19507 | N14: =(L14-U14)/U14 | O14: 368 | P14: 19.4915 | Q14: =(O14-U14)/U14 | R14: 368 | S14: 43.4003 | T14: =(R14-U14)/U14 | U14: 368 | V14: 368 | W14: 29 | X14: =(U14-V14)/U14
B15: wfjsp_2_3 | C15: 421 | D15: 0.488536 | E15: =(C15-U15)/U15 | F15: 421 | G15: 0.909972 | H15: =(F15-U15)/U15 | I15: 421 | J15: 2.07218 | K15: =(I15-U15)/U15 | L15: 421 | M15: 3.18993 | N15: =(L15-U15)/U15 | O15: 421 | P15: 14.0853 | Q15: =(O15-U15)/U15 | R15: 421 | S15: 55.0116 | T15: =(R15-U15)/U15 | U15: 421 | V15: 421 | W15: 16.5 | X15: =(U15-V15)/U15
B16: wfjsp_2_4 | C16: 380 | D16: 0.468679 | E16: =(C16-U16)/U16 | F16: 380 | G16: 1.27118 | H16: =(F16-U16)/U16 | I16: 380 | J16: 2.12414 | K16: =(I16-U16)/U16 | L16: 380 | M16: 4.64401 | N16: =(L16-U16)/U16 | O16: 379 | P16: 17.0181 | Q16: =(O16-U16)/U16 | R16: 378 | S16: 55.6211 | T16: =(R16-U16)/U16 | U16: 378 | V16: 378 | W16: 54.3125 | X16: =(U16-V16)/U16
B17: wfjsp_2_5 | C17: 270 | D17: 0.30764 | E17: =(C17-U17)/U17 | F17: 270 | G17: 0.742061 | H17: =(F17-U17)/U17 | I17: 270 | J17: 1.26471 | K17: =(I17-U17)/U17 | L17: 270 | M17: 2.75509 | N17: =(L17-U17)/U17 | O17: 270 | P17: 10.6132 | Q17: =(O17-U17)/U17 | R17: 270 | S17: 24.0683 | T17: =(R17-U17)/U17 | U17: 270 | V17: 270 | W17: 1.75 | X17: =(U17-V17)/U17
B18: wfjsp_2_6 | C18: 427 | D18: 0.417108 | E18: =(C18-U18)/U18 | F18: 422 | G18: 1.09643 | H18: =(F18-U18)/U18 | I18: 422 | J18: 2.55439 | K18: =(I18-U18)/U18 | L18: 422 | M18: 3.79489 | N18: =(L18-U18)/U18 | O18: 422 | P18: 17.2409 | Q18: =(O18-U18)/U18 | R18: 416 | S18: 50.4248 | T18: =(R18-U18)/U18 | U18: 416 | V18: 416 | W18: 135.125 | X18: =(U18-V18)/U18
B19: wfjsp_2_7 | C19: 398 | D19: 0.545916 | E19: =(C19-U19)/U19 | F19: 398 | G19: 1.06563 | H19: =(F19-U19)/U19 | I19: 395 | J19: 2.77578 | K19: =(I19-U19)/U19 | L19: 397 | M19: 4.57826 | N19: =(L19-U19)/U19 | O19: 395 | P19: 22.849 | Q19: =(O19-U19)/U19 | R19: 395 | S19: 74.9631 | T19: =(R19-U19)/U19 | U19: 395 | V19: 395 | W19: 194.625 | X19: =(U19-V19)/U19
B20: wfjsp_2_8 | C20: 415 | D20: 0.310092 | E20: =(C20-U20)/U20 | F20: 415 | G20: 0.594243 | H20: =(F20-U20)/U20 | I20: 415 | J20: 1.65417 | K20: =(I20-U20)/U20 | L20: 415 | M20: 3.67597 | N20: =(L20-U20)/U20 | O20: 415 | P20: 14.1219 | Q20: =(O20-U20)/U20 | R20: 414 | S20: 31.4571 | T20: =(R20-U20)/U20 | U20: 414 | V20: 414 | W20: 68 | X20: =(U20-V20)/U20
B21: wfjsp_2_9 | C21: 329 | D21: 0.287789 | E21: =(C21-U21)/U21 | F21: 333 | G21: 0.565296 | H21: =(F21-U21)/U21 | I21: 329 | J21: 1.38123 | K21: =(I21-U21)/U21 | L21: 329 | M21: 2.64828 | N21: =(L21-U21)/U21 | O21: 329 | P21: 11.652 | Q21: =(O21-U21)/U21 | R21: 329 | S21: 23.2585 | T21: =(R21-U21)/U21 | U21: 329 | V21: 329 | W21: 12.25 | X21: =(U21-V21)/U21
B22: wfjsp_2_10 | C22: 489 | D22: 0.31835 | E22: =(C22-U22)/U22 | F22: 489 | G22: 0.667498 | H22: =(F22-U22)/U22 | I22: 489 | J22: 1.32401 | K22: =(I22-U22)/U22 | L22: 489 | M22: 3.04901 | N22: =(L22-U22)/U22 | O22: 489 | P22: 14.06 | Q22: =(O22-U22)/U22 | R22: 489 | S22: 32.8834 | T22: =(R22-U22)/U22 | U22: 489 | V22: 230 | W22: 3600 | X22: =(U22-V22)/U22
A23: 7*4*4 | B23: wfjsp_3_1 | C23: 423 | D23: 0.370403 | E23: =(C23-U23)/U23 | F23: 423 | G23: 0.693982 | H23: =(F23-U23)/U23 | I23: 419 | J23: 2.18982 | K23: =(I23-U23)/U23 | L23: 422 | M23: 4.26462 | N23: =(L23-U23)/U23 | O23: 419 | P23: 21.4288 | Q23: =(O23-U23)/U23 | R23: 419 | S23: 41.4854 | T23: =(R23-U23)/U23 | U23: 419 | V23: 419 | W23: 81.8594 | X23: =(U23-V23)/U23
B24: wfjsp_3_2 | C24: 543 | D24: 0.647987 | E24: =(C24-U24)/U24 | F24: 543 | G24: 1.38065 | H24: =(F24-U24)/U24 | I24: 543 | J24: 2.96096 | K24: =(I24-U24)/U24 | L24: 543 | M24: 7.19474 | N24: =(L24-U24)/U24 | O24: 543 | P24: 29.0565 | Q24: =(O24-U24)/U24 | R24: 543 | S24: 106.782 | T24: =(R24-U24)/U24 | U24: 543 | V24: 543 | W24: 202.594 | X24: =(U24-V24)/U24
B25: wfjsp_3_3 | C25: 383 | D25: 0.226925 | E25: =(C25-U25)/U25 | F25: 383 | G25: 0.687101 | H25: =(F25-U25)/U25 | I25: 383 | J25: 1.1564 | K25: =(I25-U25)/U25 | L25: 383 | M25: 2.47211 | N25: =(L25-U25)/U25 | O25: 383 | P25: 7.89194 | Q25: =(O25-U25)/U25 | R25: 383 | S25: 15.7243 | T25: =(R25-U25)/U25 | U25: 383 | V25: 383 | W25: 1.5 | X25: =(U25-V25)/U25
B26: wfjsp_3_4 | C26: 456 | D26: 0.598649 | E26: =(C26-U26)/U26 | F26: 445 | G26: 1.25625 | H26: =(F26-U26)/U26 | I26: 448 | J26: 2.49131 | K26: =(I26-U26)/U26 | L26: 444 | M26: 4.90154 | N26: =(L26-U26)/U26 | O26: 444 | P26: 24.6808 | Q26: =(O26-U26)/U26 | R26: 443 | S26: 116.283 | T26: =(R26-U26)/U26 | U26: 443 | V26: 443 | W26: 70.875 | X26: =(U26-V26)/U26
B27: wfjsp_3_5 | C27: 284 | D27: 0.35879 | E27: =(C27-U27)/U27 | F27: 285 | G27: 0.717874 | H27: =(F27-U27)/U27 | I27: 284 | J27: 1.85334 | K27: =(I27-U27)/U27 | L27: 284 | M27: 4.17234 | N27: =(L27-U27)/U27 | O27: 284 | P27: 14.5939 | Q27: =(O27-U27)/U27 | R27: 284 | S27: 39.4848 | T27: =(R27-U27)/U27 | U27: 284 | V27: 284 | W27: 5.25 | X27: =(U27-V27)/U27
B28: wfjsp_3_6 | C28: 530 | D28: 0.549589 | E28: =(C28-U28)/U28 | F28: 529 | G28: 1.26014 | H28: =(F28-U28)/U28 | I28: 529 | J28: 2.53001 | K28: =(I28-U28)/U28 | L28: 529 | M28: 5.90178 | N28: =(L28-U28)/U28 | O28: 529 | P28: 26.5639 | Q28: =(O28-U28)/U28 | R28: 529 | S28: 107.674 | T28: =(R28-U28)/U28 | U28: 529 | V28: 529 | W28: 2663.88 | X28: =(U28-V28)/U28
B29: wfjsp_3_7 | C29: 345 | D29: 0.437766 | E29: =(C29-U29)/U29 | F29: 342 | G29: 1.04258 | H29: =(F29-U29)/U29 | I29: 342 | J29: 1.89748 | K29: =(I29-U29)/U29 | L29: 343 | M29: 4.21219 | N29: =(L29-U29)/U29 | O29: 342 | P29: 20.4068 | Q29: =(O29-U29)/U29 | R29: 342 | S29: 62.514 | T29: =(R29-U29)/U29 | U29: 342 | V29: 342 | W29: 7.34375 | X29: =(U29-V29)/U29
B30: wfjsp_3_8 | C30: 502 | D30: 0.560901 | E30: =(C30-U30)/U30 | F30: 498 | G30: 1.2316 | H30: =(F30-U30)/U30 | I30: 499 | J30: 2.59104 | K30: =(I30-U30)/U30 | L30: 497 | M30: 6.20048 | N30: =(L30-U30)/U30 | O30: 492 | P30: 25.9611 | Q30: =(O30-U30)/U30 | R30: 492 | S30: 66.1402 | T30: =(R30-U30)/U30 | U30: 492 | V30: 492 | W30: 163.312 | X30: =(U30-V30)/U30
B31: wfjsp_3_9 | C31: 535 | D31: 0.487917 | E31: =(C31-U31)/U31 | F31: 535 | G31: 1.22248 | H31: =(F31-U31)/U31 | I31: 535 | J31: 2.32677 | K31: =(I31-U31)/U31 | L31: 534 | M31: 4.67422 | N31: =(L31-U31)/U31 | O31: 534 | P31: 18.8041 | Q31: =(O31-U31)/U31 | R31: 534 | S31: 49.5075 | T31: =(R31-U31)/U31 | U31: 534 | V31: 534 | W31: 2 | X31: =(U31-V31)/U31
B32: wfjsp_3_10 | C32: 455 | D32: 0.591149 | E32: =(C32-U32)/U32 | F32: 455 | G32: 1.41791 | H32: =(F32-U32)/U32 | I32: 455 | J32: 2.51786 | K32: =(I32-U32)/U32 | L32: 455 | M32: 3.84765 | N32: =(L32-U32)/U32 | O32: 455 | P32: 17.8768 | Q32: =(O32-U32)/U32 | R32: 455 | S32: 83.1109 | T32: =(R32-U32)/U32 | U32: 455 | V32: 455 | W32: 11.125 | X32: =(U32-V32)/U32
A33: 10*5*5 | B33: wfjsp_4_1 | C33: 287 | D33: 0.795246 | E33: =(C33-U33)/U33 | F33: 288 | G33: 1.48368 | H33: =(F33-U33)/U33 | I33: 284 | J33: 3.87133 | K33: =(I33-U33)/U33 | L33: 284 | M33: 9.4803 | N33: =(L33-U33)/U33 | O33: 282 | P33: 46.6428 | Q33: =(O33-U33)/U33 | R33: 281 | S33: 184.636 | T33: =(R33-U33)/U33 | U33: 277 | V33: 277 | W33: 1230 | X33: =(U33-V33)/U33
B34: wfjsp_4_2 | C34: 355 | D34: 1.11339 | E34: =(C34-U34)/U34 | F34: 355 | G34: 2.28566 | H34: =(F34-U34)/U34 | I34: 353 | J34: 6.85857 | K34: =(I34-U34)/U34 | L34: 353 | M34: 11.5716 | N34: =(L34-U34)/U34 | O34: 351 | P34: 61.0057 | Q34: =(O34-U34)/U34 | R34: 351 | S34: 214.557 | T34: =(R34-U34)/U34 | U34: 350 | V34: 253 | W34: 3600 | X34: =(U34-V34)/U34
B35: wfjsp_4_3 | C35: 372 | D35: 0.933582 | E35: =(C35-U35)/U35 | F35: 367 | G35: 2.10268 | H35: =(F35-U35)/U35 | I35: 369 | J35: 3.86778 | K35: =(I35-U35)/U35 | L35: 368 | M35: 9.21987 | N35: =(L35-U35)/U35 | O35: 362 | P35: 53.772 | Q35: =(O35-U35)/U35 | R35: 360 | S35: 180.867 | T35: =(R35-U35)/U35 | U35: 360 | V35: 360 | W35: 376.5 | X35: =(U35-V35)/U35
B36: wfjsp_4_4 | C36: 323 | D36: 1.28896 | E36: =(C36-U36)/U36 | F36: 323 | G36: 1.83223 | H36: =(F36-U36)/U36 | I36: 325 | J36: 4.63618 | K36: =(I36-U36)/U36 | L36: 326 | M36: 10.5838 | N36: =(L36-U36)/U36 | O36: 323 | P36: 44.3334 | Q36: =(O36-U36)/U36 | R36: 323 | S36: 156.38 | T36: =(R36-U36)/U36 | U36: 320 | V36: 227 | W36: 3600.03 | X36: =(U36-V36)/U36
B37: wfjsp_4_5 | C37: 290 | D37: 0.484119 | E37: =(C37-U37)/U37 | F37: 290 | G37: 0.91616 | H37: =(F37-U37)/U37 | I37: 290 | J37: 2.17037 | K37: =(I37-U37)/U37 | L37: 290 | M37: 4.13105 | N37: =(L37-U37)/U37 | O37: 290 | P37: 18.1064 | Q37: =(O37-U37)/U37 | R37: 290 | S37: 45.2051 | T37: =(R37-U37)/U37 | U37: 290 | V37: 290 | W37: 2.5 | X37: =(U37-V37)/U37
B38: wfjsp_4_6 | C38: 367 | D38: 0.721719 | E38: =(C38-U38)/U38 | F38: 364 | G38: 2.25673 | H38: =(F38-U38)/U38 | I38: 363 | J38: 4.89204 | K38: =(I38-U38)/U38 | L38: 359 | M38: 8.78462 | N38: =(L38-U38)/U38 | O38: 361 | P38: 45.084 | Q38: =(O38-U38)/U38 | R38: 355 | S38: 183.434 | T38: =(R38-U38)/U38 | U38: 355 | V38: 260 | W38: 3600.12 | X38: =(U38-V38)/U38
B39: wfjsp_4_7 | C39: 297 | D39: 0.6469 | E39: =(C39-U39)/U39 | F39: 298 | G39: 1.27263 | H39: =(F39-U39)/U39 | I39: 294 | J39: 4.11762 | K39: =(I39-U39)/U39 | L39: 292 | M39: 7.35619 | N39: =(L39-U39)/U39 | O39: 291 | P39: 29.0836 | Q39: =(O39-U39)/U39 | R39: 290 | S39: 129.072 | T39: =(R39-U39)/U39 | U39: 288 | V39: 288 | W39: 442 | X39: =(U39-V39)/U39
B40: wfjsp_4_8 | C40: 322 | D40: 0.784447 | E40: =(C40-U40)/U40 | F40: 325 | G40: 1.34901 | H40: =(F40-U40)/U40 | I40: 321 | J40: 3.72985 | K40: =(I40-U40)/U40 | L40: 321 | M40: 7.89167 | N40: =(L40-U40)/U40 | O40: 317 | P40: 41.3483 | Q40: =(O40-U40)/U40 | R40: 317 | S40: 146.276 | T40: =(R40-U40)/U40 | U40: 316 | V40: 213 | W40: 3600.02 | X40: =(U40-V40)/U40
B41: wfjsp_4_9 | C41: 288 | D41: 0.716095 | E41: =(C41-U41)/U41 | F41: 288 | G41: 1.17508 | H41: =(F41-U41)/U41 | I41: 288 | J41: 2.71246 | K41: =(I41-U41)/U41 | L41: 288 | M41: 5.48265 | N41: =(L41-U41)/U41 | O41: 288 | P41: 21.9731 | Q41: =(O41-U41)/U41 | R41: 288 | S41: 61.8514 | T41: =(R41-U41)/U41 | U41: 288 | V41: 288 | W41: 51.9062 | X41: =(U41-V41)/U41
B42: wfjsp_4_10 | C42: 303 | D42: 0.639326 | E42: =(C42-U42)/U42 | F42: 296 | G42: 1.38635 | H42: =(F42-U42)/U42 | I42: 296 | J42: 2.87599 | K42: =(I42-U42)/U42 | L42: 296 | M42: 5.13831 | N42: =(L42-U42)/U42 | O42: 293 | P42: 28.7777 | Q42: =(O42-U42)/U42 | R42: 293 | S42: 103.14 | T42: =(R42-U42)/U42 | U42: 293 | V42: 293 | W42: 61.875 | X42: =(U42-V42)/U42
A43: 10*5*5 | B43: wfjsp_5_1 | C43: 621 | D43: 3.51312 | E43: =(C43-U43)/U43 | F43: 619 | G43: 8.05278 | H43: =(F43-U43)/U43 | I43: 617 | J43: 14.9402 | K43: =(I43-U43)/U43 | L43: 610 | M43: 24.8241 | N43: =(L43-U43)/U43 | O43: 611 | P43: 153.011 | Q43: =(O43-U43)/U43 | R43: 608 | S43: 696.097 | T43: =(R43-U43)/U43 | U43: 608 | V43: 478 | W43: 3600 | X43: =(U43-V43)/U43
B44: wfjsp_5_2 | C44: 665 | D44: 2.79282 | E44: =(C44-U44)/U44 | F44: 653 | G44: 6.8341 | H44: =(F44-U44)/U44 | I44: 648 | J44: 20.6199 | K44: =(I44-U44)/U44 | L44: 648 | M44: 33.5319 | N44: =(L44-U44)/U44 | O44: 652 | P44: 163.703 | Q44: =(O44-U44)/U44 | R44: 645 | S44: 618.232 | T44: =(R44-U44)/U44 | U44: 638 | V44: 424 | W44: 3600 | X44: =(U44-V44)/U44
B45: wfjsp_5_3 | C45: 647 | D45: 3.06392 | E45: =(C45-U45)/U45 | F45: 651 | G45: 5.59014 | H45: =(F45-U45)/U45 | I45: 637 | J45: 15.3322 | K45: =(I45-U45)/U45 | L45: 644 | M45: 26.9149 | N45: =(L45-U45)/U45 | O45: 630 | P45: 122.279 | Q45: =(O45-U45)/U45 | R45: 634 | S45: 415.605 | T45: =(R45-U45)/U45 | U45: 626 | V45: 588 | W45: 3600 | X45: =(U45-V45)/U45
B46: wfjsp_5_4 | C46: 751 | D46: 3.81249 | E46: =(C46-U46)/U46 | F46: 742 | G46: 8.43355 | H46: =(F46-U46)/U46 | I46: 741 | J46: 19.547 | K46: =(I46-U46)/U46 | L46: 737 | M46: 44.8517 | N46: =(L46-U46)/U46 | O46: 736 | P46: 155.639 | Q46: =(O46-U46)/U46 | R46: 727 | S46: 678.005 | T46: =(R46-U46)/U46 | U46: 722 | V46: 437 | W46: 3600 | X46: =(U46-V46)/U46
B47: wfjsp_5_5 | C47: 738 | D47: 5.71107 | E47: =(C47-U47)/U47 | F47: 734 | G47: 6.50491 | H47: =(F47-U47)/U47 | I47: 719 | J47: 15.6528 | K47: =(I47-U47)/U47 | L47: 732 | M47: 33.3056 | N47: =(L47-U47)/U47 | O47: 721 | P47: 223.898 | Q47: =(O47-U47)/U47 | R47: 719 | S47: 741.504 | T47: =(R47-U47)/U47 | U47: 729 | V47: 462 | W47: 3600.03 | X47: =(U47-V47)/U47
B48: wfjsp_5_6 | C48: 761 | D48: 3.31277 | E48: =(C48-U48)/U48 | F48: 763 | G48: 5.12939 | H48: =(F48-U48)/U48 | I48: 752 | J48: 16.0216 | K48: =(I48-U48)/U48 | L48: 744 | M48: 24.3625 | N48: =(L48-U48)/U48 | O48: 744 | P48: 137.157 | Q48: =(O48-U48)/U48 | R48: 740 | S48: 642.275 | T48: =(R48-U48)/U48 | U48: 732 | V48: 619 | W48: 3600.12 | X48: =(U48-V48)/U48
B49: wfjsp_5_7 | C49: 794 | D49: 2.90626 | E49: =(C49-U49)/U49 | F49: 782 | G49: 8.05499 | H49: =(F49-U49)/U49 | I49: 776 | J49: 22.5709 | K49: =(I49-U49)/U49 | L49: 771 | M49: 32.8859 | N49: =(L49-U49)/U49 | O49: 765 | P49: 156.735 | Q49: =(O49-U49)/U49 | R49: 762 | S49: 680.208 | T49: =(R49-U49)/U49 | U49: 754 | V49: 538 | W49: 3600 | X49: =(U49-V49)/U49
B50: wfjsp_5_8 | C50: 692 | D50: 2.62784 | E50: =(C50-U50)/U50 | F50: 709 | G50: 5.109 | H50: =(F50-U50)/U50 | I50: 699 | J50: 15.415 | K50: =(I50-U50)/U50 | L50: 690 | M50: 43.3744 | N50: =(L50-U50)/U50 | O50: 686 | P50: 150.686 | Q50: =(O50-U50)/U50 | R50: 685 | S50: 601.663 | T50: =(R50-U50)/U50 | U50: 683 | V50: 596 | W50: 3600.06 | X50: =(U50-V50)/U50
B51: wfjsp_5_9 | C51: 604 | D51: 3.08853 | E51: =(C51-U51)/U51 | F51: 605 | G51: 3.84579 | H51: =(F51-U51)/U51 | I51: 591 | J51: 11.6424 | K51: =(I51-U51)/U51 | L51: 598 | M51: 18.8044 | N51: =(L51-U51)/U51 | O51: 591 | P51: 93.5155 | Q51: =(O51-U51)/U51 | R51: 584 | S51: 396.319 | T51: =(R51-U51)/U51 | U51: 582 | V51: 540 | W51: 3600 | X51: =(U51-V51)/U51
B52: wfjsp_5_10 | C52: 652 | D52: 2.45217 | E52: =(C52-U52)/U52 | F52: 651 | G52: 4.58067 | H52: =(F52-U52)/U52 | I52: 638 | J52: 10.6748 | K52: =(I52-U52)/U52 | L52: 648 | M52: 17.2538 | N52: =(L52-U52)/U52 | O52: 643 | P52: 92.5574 | Q52: =(O52-U52)/U52 | R52: 644 | S52: 386.575 | T52: =(R52-U52)/U52 | U52: 627 | V52: 627 | W52: 1290 | X52: =(U52-V52)/U52
A53: 12*5*5 | B53: wfjsp_6_1 | C53: 687 | D53: 3.39652 | E53: =(C53-U53)/U53 | F53: 687 | G53: 6.12283 | H53: =(F53-U53)/U53 | I53: 685 | J53: 16.589 | K53: =(I53-U53)/U53 | L53: 687 | M53: 30.0321 | N53: =(L53-U53)/U53 | O53: 685 | P53: 176.866 | Q53: =(O53-U53)/U53 | R53: 682 | S53: 774.441 | T53: =(R53-U53)/U53 | U53: 682 | V53: 478 | W53: 3600 | X53: =(U53-V53)/U53
B54: wfjsp_6_2 | C54: 791 | D54: 8.27598 | E54: =(C54-U54)/U54 | F54: 790 | G54: 10.966 | H54: =(F54-U54)/U54 | I54: 789 | J54: 26.0707 | K54: =(I54-U54)/U54 | L54: 790 | M54: 43.8085 | N54: =(L54-U54)/U54 | O54: 786 | P54: 274.242 | Q54: =(O54-U54)/U54 | R54: 781 | S54: 926.246 | T54: =(R54-U54)/U54 | U54: 780 | V54: 496 | W54: 3600.06 | X54: =(U54-V54)/U54
B55: wfjsp_6_3 | C55: 755 | D55: 3.79552 | E55: =(C55-U55)/U55 | F55: 764 | G55: 5.85782 | H55: =(F55-U55)/U55 | I55: 748 | J55: 18.531 | K55: =(I55-U55)/U55 | L55: 744 | M55: 36.0876 | N55: =(L55-U55)/U55 | O55: 742 | P55: 160.307 | Q55: =(O55-U55)/U55 | R55: 741 | S55: 554.171 | T55: =(R55-U55)/U55 | U55: 735 | V55: 588 | W55: 3600 | X55: =(U55-V55)/U55
B56: wfjsp_6_4 | C56: 817 | D56: 5.61936 | E56: =(C56-U56)/U56 | F56: 824 | G56: 7.40984 | H56: =(F56-U56)/U56 | I56: 810 | J56: 21.0939 | K56: =(I56-U56)/U56 | L56: 815 | M56: 47.711 | N56: =(L56-U56)/U56 | O56: 814 | P56: 248.371 | Q56: =(O56-U56)/U56 | R56: 811 | S56: 952.993 | T56: =(R56-U56)/U56 | U56: 803 | V56: 437 | W56: 3600.04 | X56: =(U56-V56)/U56
B57: wfjsp_6_5 | C57: 877 | D57: 3.93482 | E57: =(C57-U57)/U57 | F57: 862 | G57: 10.7893 | H57: =(F57-U57)/U57 | I57: 852 | J57: 28.088 | K57: =(I57-U57)/U57 | L57: 853 | M57: 63.4272 | N57: =(L57-U57)/U57 | O57: 850 | P57: 234.821 | Q57: =(O57-U57)/U57 | R57: 851 | S57: 897.747 | T57: =(R57-U57)/U57 | U57: 844 | V57: 494 | W57: 3600.05 | X57: =(U57-V57)/U57
B58: wfjsp_6_6 | C58: 821 | D58: 3.56708 | E58: =(C58-U58)/U58 | F58: 817 | G58: 7.88561 | H58: =(F58-U58)/U58 | I58: 826 | J58: 14.8099 | K58: =(I58-U58)/U58 | L58: 820 | M58: 32.1991 | N58: =(L58-U58)/U58 | O58: 802 | P58: 207.028 | Q58: =(O58-U58)/U58 | R58: 807 | S58: 851.383 | T58: =(R58-U58)/U58 | U58: 798 | V58: 619 | W58: 3600.12 | X58: =(U58-V58)/U58
B59: wfjsp_6_7 | C59: 861 | D59: 4.74994 | E59: =(C59-U59)/U59 | F59: 853 | G59: 9.13647 | H59: =(F59-U59)/U59 | I59: 854 | J59: 21.4486 | K59: =(I59-U59)/U59 | L59: 851 | M59: 42.0728 | N59: =(L59-U59)/U59 | O59: 840 | P59: 232.658 | Q59: =(O59-U59)/U59 | R59: 840 | S59: 795.028 | T59: =(R59-U59)/U59 | U59: 855 | V59: 538 | W59: 3600.12 | X59: =(U59-V59)/U59
B60: wfjsp_6_8 | C60: 790 | D60: 4.64525 | E60: =(C60-U60)/U60 | F60: 788 | G60: 10.8578 | H60: =(F60-U60)/U60 | I60: 777 | J60: 21.541 | K60: =(I60-U60)/U60 | L60: 778 | M60: 38.0744 | N60: =(L60-U60)/U60 | O60: 772 | P60: 223.511 | Q60: =(O60-U60)/U60 | R60: 773 | S60: 753.408 | T60: =(R60-U60)/U60 | U60: 759 | V60: 596 | W60: 3600.03 | X60: =(U60-V60)/U60
B61: wfjsp_6_9 | C61: 707 | D61: 3.44527 | E61: =(C61-U61)/U61 | F61: 706 | G61: 6.03756 | H61: =(F61-U61)/U61 | I61: 694 | J61: 12.4238 | K61: =(I61-U61)/U61 | L61: 694 | M61: 25.7583 | N61: =(L61-U61)/U61 | O61: 688 | P61: 146.246 | Q61: =(O61-U61)/U61 | R61: 690 | S61: 689.902 | T61: =(R61-U61)/U61 | U61: 686 | V61: 540 | W61: 3600.03 | X61: =(U61-V61)/U61
B62: wfjsp_6_10 | C62: 717 | D62: 3.72885 | E62: =(C62-U62)/U62 | F62: 714 | G62: 6.56955 | H62: =(F62-U62)/U62 | I62: 714 | J62: 12.6097 | K62: =(I62-U62)/U62 | L62: 714 | M62: 28.1217 | N62: =(L62-U62)/U62 | O62: 707 | P62: 169.309 | Q62: =(O62-U62)/U62 | R62: 704 | S62: 603.759 | T62: =(R62-U62)/U62 | U62: 699 | V62: 481 | W62: 3600 | X62: =(U62-V62)/U62
A63: 12*5*5 | B63: wfjsp_7_1 | C63: 835 | D63: 6.92951 | E63: =(C63-U63)/U63 | F63: 834 | G63: 12.1609 | H63: =(F63-U63)/U63 | I63: 835 | J63: 25.3202 | K63: =(I63-U63)/U63 | L63: 835 | M63: 45.0701 | N63: =(L63-U63)/U63 | O63: 826 | P63: 316.035 | Q63: =(O63-U63)/U63 | R63: 824 | S63: 1320.09 | T63: =(R63-U63)/U63 | U63: 815 | V63: 392 | W63: 3600.06 | X63: =(U63-V63)/U63
B64: wfjsp_7_2 | C64: 1055 | D64: 12.724 | E64: =(C64-U64)/U64 | F64: 1051 | G64: 17.0345 | H64: =(F64-U64)/U64 | I64: 1048 | J64: 45.2069 | K64: =(I64-U64)/U64 | L64: 1039 | M64: 96.4672 | N64: =(L64-U64)/U64 | O64: 1040 | P64: 309.054 | Q64: =(O64-U64)/U64 | R64: 1036 | S64: 1650.64 | T64: =(R64-U64)/U64 | U64: 1038 | V64: 544 | W64: 3600.03 | X64: =(U64-V64)/U64
B65: wfjsp_7_3 | C65: 1160 | D65: 11.3631 | E65: =(C65-U65)/U65 | F65: 1143 | G65: 25.3153 | H65: =(F65-U65)/U65 | I65: 1154 | J65: 46.1081 | K65: =(I65-U65)/U65 | L65: 1143 | M65: 96.9786 | N65: =(L65-U65)/U65 | O65: 1135 | P65: 491.717 | Q65: =(O65-U65)/U65 | R65: 1138 | S65: 1506.51 | T65: =(R65-U65)/U65 | U65: 1133 | V65: 639 | W65: 3600.06 | X65: =(U65-V65)/U65
B66: wfjsp_7_4 | C66: 959 | D66: 9.69259 | E66: =(C66-U66)/U66 | F66: 947 | G66: 18.3319 | H66: =(F66-U66)/U66 | I66: 944 | J66: 31.6966 | K66: =(I66-U66)/U66 | L66: 949 | M66: 83.6706 | N66: =(L66-U66)/U66 | O66: 944 | P66: 325.819 | Q66: =(O66-U66)/U66 | R66: 945 | S66: 1772.9 | T66: =(R66-U66)/U66 | U66: 944 | V66: 481 | W66: 3600.06 | X66: =(U66-V66)/U66
B67: wfjsp_7_5 | C67: 836 | D67: 6.94587 | E67: =(C67-U67)/U67 | F67: 820 | G67: 18.1807 | H67: =(F67-U67)/U67 | I67: 822 | J67: 36.625 | K67: =(I67-U67)/U67 | L67: 816 | M67: 58.0322 | N67: =(L67-U67)/U67 | O67: 810 | P67: 253.754 | Q67: =(O67-U67)/U67 | R67: 810 | S67: 1068.46 | T67: =(R67-U67)/U67 | U67: 803 | V67: 561 | W67: 3600.05 | X67: =(U67-V67)/U67
B68: wfjsp_7_6 | C68: 1042 | D68: 7.74589 | E68: =(C68-U68)/U68 | F68: 1037 | G68: 23.3653 | H68: =(F68-U68)/U68 | I68: 1028 | J68: 39.6568 | K68: =(I68-U68)/U68 | L68: 1024 | M68: 104.578 | N68: =(L68-U68)/U68 | O68: 1025 | P68: 411.085 | Q68: =(O68-U68)/U68 | R68: 1023 | S68: 1458.04 | T68: =(R68-U68)/U68 | U68: 1010 | V68: 517 | W68: 3600.06 | X68: =(U68-V68)/U68
B69: wfjsp_7_7 | C69: 963 | D69: 10.5964 | E69: =(C69-U69)/U69 | F69: 955 | G69: 18.5406 | H69: =(F69-U69)/U69 | I69: 952 | J69: 41.5253 | K69: =(I69-U69)/U69 | L69: 951 | M69: 78.2002 | N69: =(L69-U69)/U69 | O69: 946 | P69: 381.387 | Q69: =(O69-U69)/U69 | R69: 933 | S69: 1795.26 | T69: =(R69-U69)/U69 | U69: 929 | V69: 525 | W69: 3600.34 | X69: =(U69-V69)/U69
B70: wfjsp_7_8 | C70: 915 | D70: 6.7139 | E70: =(C70-U70)/U70 | F70: 906 | G70: 14.0228 | H70: =(F70-U70)/U70 | I70: 906 | J70: 34.4065 | K70: =(I70-U70)/U70 | L70: 902 | M70: 80.1429 | N70: =(L70-U70)/U70 | O70: 901 | P70: 372.059 | Q70: =(O70-U70)/U70 | R70: 891 | S70: 1485.4 | T70: =(R70-U70)/U70 | U70: 882 | V70: 587 | W70: 3600.05 | X70: =(U70-V70)/U70
B71: wfjsp_7_9 | C71: 860 | D71: 10.67 | E71: =(C71-U71)/U71 | F71: 861 | G71: 14.5222 | H71: =(F71-U71)/U71 | I71: 856 | J71: 36.7692 | K71: =(I71-U71)/U71 | L71: 849 | M71: 86.1338 | N71: =(L71-U71)/U71 | O71: 841 | P71: 296.787 | Q71: =(O71-U71)/U71 | R71: 838 | S71: 1231.98 | T71: =(R71-U71)/U71 | U71: 852 | V71: 499 | W71: 3600.06 | X71: =(U71-V71)/U71
B72: wfjsp_7_10 | C72: 933 | D72: 8.91073 | E72: =(C72-U72)/U72 | F72: 934 | G72: 11.9501 | H72: =(F72-U72)/U72 | I72: 931 | J72: 29.4163 | K72: =(I72-U72)/U72 | L72: 929 | M72: 51.9123 | N72: =(L72-U72)/U72 | O72: 922 | P72: 395.32 | Q72: =(O72-U72)/U72 | R72: 920 | S72: 1258.17 | T72: =(R72-U72)/U72 | U72: 909 | V72: 504 | W72: 3600.05 | X72: =(U72-V72)/U72
A73: 15*5*5 | B73: wfjsp_8_1 | C73: 1061 | D73: 16.3159 | E73: =(C73-U73)/U73 | F73: 1063 | G73: 24.2249 | H73: =(F73-U73)/U73 | I73: 1051 | J73: 72.737 | K73: =(I73-U73)/U73 | L73: 1060 | M73: 113.471 | N73: =(L73-U73)/U73 | O73: 1052 | P73: 476.773 | Q73: =(O73-U73)/U73 | R73: 1037 | S73: 1800 | T73: =(R73-U73)/U73 | U73: 1025 | V73: 419 | W73: 3600.07 | X73: =(U73-V73)/U73
B74: wfjsp_8_2 | C74: 1288 | D74: 17.3506 | E74: =(C74-U74)/U74 | F74: 1277 | G74: 37.0051 | H74: =(F74-U74)/U74 | I74: 1283 | J74: 93.6636 | K74: =(I74-U74)/U74 | L74: 1277 | M74: 150.331 | N74: =(L74-U74)/U74 | O74: 1269 | P74: 728.129 | Q74: =(O74-U74)/U74 | R74: 1270 | S74: 1800.01 | T74: =(R74-U74)/U74 | U74: 1251 | V74: 544 | W74: 3600.12 | X74: =(U74-V74)/U74
B75: wfjsp_8_3 | C75: 1412 | D75: 17.888 | E75: =(C75-U75)/U75 | F75: 1391 | G75: 30.773 | H75: =(F75-U75)/U75 | I75: 1381 | J75: 67.4027 | K75: =(I75-U75)/U75 | L75: 1399 | M75: 134.601 | N75: =(L75-U75)/U75 | O75: 1381 | P75: 639.049 | Q75: =(O75-U75)/U75 | R75: 1369 | S75: 1800.01 | T75: =(R75-U75)/U75 | U75: 1364 | V75: 639 | W75: 3600.12 | X75: =(U75-V75)/U75
B76: wfjsp_8_4 | C76: 1238 | D76: 14.864 | E76: =(C76-U76)/U76 | F76: 1233 | G76: 23.4653 | H76: =(F76-U76)/U76 | I76: 1221 | J76: 61.3071 | K76: =(I76-U76)/U76 | L76: 1221 | M76: 107.21 | N76: =(L76-U76)/U76 | O76: 1218 | P76: 628.69 | Q76: =(O76-U76)/U76 | R76: 1218 | S76: 1800 | T76: =(R76-U76)/U76 | U76: 1211 | V76: 561 | W76: 3600 | X76: =(U76-V76)/U76
B77: wfjsp_8_5 | C77: 1073 | D77: 10.3007 | E77: =(C77-U77)/U77 | F77: 1072 | G77: 19.4354 | H77: =(F77-U77)/U77 | I77: 1064 | J77: 47.9288 | K77: =(I77-U77)/U77 | L77: 1058 | M77: 96.7737 | N77: =(L77-U77)/U77 | O77: 1055 | P77: 469.615 | Q77: =(O77-U77)/U77 | R77: 1051 | S77: 1800.01 | T77: =(R77-U77)/U77 | U77: 1050 | V77: 561 | W77: 3600.05 | X77: =(U77-V77)/U77
B78: wfjsp_8_6 | C78: 1285 | D78: 15.8478 | E78: =(C78-U78)/U78 | F78: 1285 | G78: 26.2577 | H78: =(F78-U78)/U78 | I78: 1285 | J78: 52.891 | K78: =(I78-U78)/U78 | L78: 1285 | M78: 125.737 | N78: =(L78-U78)/U78 | O78: 1281 | P78: 608.324 | Q78: =(O78-U78)/U78 | R78: 1282 | S78: 1800 | T78: =(R78-U78)/U78 | U78: 1267 | V78: 517 | W78: 3600.03 | X78: =(U78-V78)/U78
B79: wfjsp_8_7 | C79: 1196 | D79: 20.9536 | E79: =(C79-U79)/U79 | F79: 1185 | G79: 27.345 | H79: =(F79-U79)/U79 | I79: 1185 | J79: 68.1188 | K79: =(I79-U79)/U79 | L79: 1185 | M79: 104.913 | N79: =(L79-U79)/U79 | O79: 1183 | P79: 654.326 | Q79: =(O79-U79)/U79 | R79: 1177 | S79: 1800 | T79: =(R79-U79)/U79 | U79: 1158 | V79: 525 | W79: 3600.08 | X79: =(U79-V79)/U79
B80: wfjsp_8_8 | C80: 1208 | D80: 14.6117 | E80: =(C80-U80)/U80 | F80: 1192 | G80: 24.2603 | H80: =(F80-U80)/U80 | I80: 1183 | J80: 62.6359 | K80: =(I80-U80)/U80 | L80: 1178 | M80: 145.834 | N80: =(L80-U80)/U80 | O80: 1179 | P80: 542.016 | Q80: =(O80-U80)/U80 | R80: 1173 | S80: 1800.01 | T80: =(R80-U80)/U80 | U80: 1158 | V80: 587 | W80: 3600.02 | X80: =(U80-V80)/U80
B81: wfjsp_8_9 | C81: 1072 | D81: 14.093 | E81: =(C81-U81)/U81 | F81: 1073 | G81: 20.6954 | H81: =(F81-U81)/U81 | I81: 1062 | J81: 58.6404 | K81: =(I81-U81)/U81 | L81: 1058 | M81: 112.143 | N81: =(L81-U81)/U81 | O81: 1045 | P81: 565.45 | Q81: =(O81-U81)/U81 | R81: 1054 | S81: 1800 | T81: =(R81-U81)/U81 | U81: 1044 | V81: 499 | W81: 3600.07 | X81: =(U81-V81)/U81
B82: wfjsp_8_10 | C82: 1221 | D82: 17.2856 | E82: =(C82-U82)/U82 | F82: 1220 | G82: 28.2556 | H82: =(F82-U82)/U82 | I82: 1210 | J82: 63.6043 | K82: =(I82-U82)/U82 | L82: 1214 | M82: 102.012 | N82: =(L82-U82)/U82 | O82: 1213 | P82: 517.881 | Q82: =(O82-U82)/U82 | R82: 1208 | S82: 1800 | T82: =(R82-U82)/U82 | U82: 1194 | V82: 648 | W82: 3600.5 | X82: =(U82-V82)/U82
A83: 15*5*5 | B83: wfjsp_9_1 | C83: 1353 | D83: 20.2926 | E83: =(C83-U83)/U83 | F83: 1348 | G83: 32.5724 | H83: =(F83-U83)/U83 | I83: 1325 | J83: 113.344 | K83: =(I83-U83)/U83 | L83: 1329 | M83: 134.243 | N83: =(L83-U83)/U83 | O83: 1324 | P83: 843.156 | Q83: =(O83-U83)/U83 | R83: 1321 | S83: 1800.01 | T83: =(R83-U83)/U83 | U83: 1314 | V83: 493 | W83: 3600 | X83: =(U83-V83)/U83
B84: wfjsp_9_2 | C84: 1435 | D84: 16.0906 | E84: =(C84-U84)/U84 | F84: 1418 | G84: 39.0126 | H84: =(F84-U84)/U84 | I84: 1417 | J84: 91.3909 | K84: =(I84-U84)/U84 | L84: 1410 | M84: 137.895 | N84: =(L84-U84)/U84 | O84: 1410 | P84: 654.699 | Q84: =(O84-U84)/U84 | R84: 1405 | S84: 1800.01 | T84: =(R84-U84)/U84 | U84: 1404 | V84: 538 | W84: 3600 | X84: =(U84-V84)/U84
B85: wfjsp_9_3 | C85: 1539 | D85: 22.142 | E85: =(C85-U85)/U85 | F85: 1520 | G85: 46.4802 | H85: =(F85-U85)/U85 | I85: 1531 | J85: 76.2136 | K85: =(I85-U85)/U85 | L85: 1521 | M85: 194.891 | N85: =(L85-U85)/U85 | O85: 1512 | P85: 842.747 | Q85: =(O85-U85)/U85 | R85: 1514 | S85: 1800.01 | T85: =(R85-U85)/U85 | U85: 1483 | V85: 567 | W85: 3600.06 | X85: =(U85-V85)/U85
B86: wfjsp_9_4 | C86: 1386 | D86: 19.5313 | E86: =(C86-U86)/U86 | F86: 1379 | G86: 46.9941 | H86: =(F86-U86)/U86 | I86: 1372 | J86: 84.2165 | K86: =(I86-U86)/U86 | L86: 1372 | M86: 150.737 | N86: =(L86-U86)/U86 | O86: 1370 | P86: 711.878 | Q86: =(O86-U86)/U86 | R86: 1368 | S86: 1800.01 | T86: =(R86-U86)/U86 | U86: 1357 | V86: 553 | W86: 3600.12 | X86: =(U86-V86)/U86
B87: wfjsp_9_5 | C87: 1293 | D87: 15.9619 | E87: =(C87-U87)/U87 | F87: 1286 | G87: 38.5607 | H87: =(F87-U87)/U87 | I87: 1274 | J87: 83.1931 | K87: =(I87-U87)/U87 | L87: 1275 | M87: 146.978 | N87: =(L87-U87)/U87 | O87: 1269 | P87: 654.867 | Q87: =(O87-U87)/U87 | R87: 1266 | S87: 1800.01 | T87: =(R87-U87)/U87 | U87: 1247 | V87: 482 | W87: 3600.12 | X87: =(U87-V87)/U87
B88: wfjsp_9_6 | C88: 1425 | D88: 17.5827 | E88: =(C88-U88)/U88 | F88: 1409 | G88: 34.9179 | H88: =(F88-U88)/U88 | I88: 1411 | J88: 82.3924 | K88: =(I88-U88)/U88 | L88: 1410 | M88: 165.242 | N88: =(L88-U88)/U88 | O88: 1400 | P88: 634.76 | Q88: =(O88-U88)/U88 | R88: 1404 | S88: 1800.01 | T88: =(R88-U88)/U88 | U88: 1383 | V88: 584 | W88: 3600.12 | X88: =(U88-V88)/U88
B89: wfjsp_9_7 | C89: 1351 | D89: 26.6573 | E89: =(C89-U89)/U89 | F89: 1342 | G89: 41.5023 | H89: =(F89-U89)/U89 | I89: 1341 | J89: 92.5229 | K89: =(I89-U89)/U89 | L89: 1336 | M89: 159.221 | N89: =(L89-U89)/U89 | O89: 1320 | P89: 740.66 | Q89: =(O89-U89)/U89 | R89: 1325 | S89: 1800.01 | T89: =(R89-U89)/U89 | U89: 1318 | V89: 562 | W89: 3600.12 | X89: =(U89-V89)/U89
B90: wfjsp_9_8 | C90: 1426 | D90: 19.5756 | E90: =(C90-U90)/U90 | F90: 1419 | G90: 33.2315 | H90: =(F90-U90)/U90 | I90: 1406 | J90: 66.3871 | K90: =(I90-U90)/U90 | L90: 1404 | M90: 156.439 | N90: =(L90-U90)/U90 | O90: 1402 | P90: 689.622 | Q90: =(O90-U90)/U90 | R90: 1392 | S90: 1800.01 | T90: =(R90-U90)/U90 | U90: 1386 | V90: 639 | W90: 3600 | X90: =(U90-V90)/U90
B91: wfjsp_9_9 | C91: 1312 | D91: 25.307 | E91: =(C91-U91)/U91 | F91: 1321 | G91: 42.6501 | H91: =(F91-U91)/U91 | I91: 1311 | J91: 68.8796 | K91: =(I91-U91)/U91 | L91: 1306 | M91: 131.174 | N91: =(L91-U91)/U91 | O91: 1297 | P91: 558.775 | Q91: =(O91-U91)/U91 | R91: 1294 | S91: 1800.01 | T91: =(R91-U91)/U91 | U91: 1294 | V91: 544 | W91: 3600.12 | X91: =(U91-V91)/U91
B92: wfjsp_9_10 | C92: 1445 | D92: 20.8061 | E92: =(C92-U92)/U92 | F92: 1442 | G92: 45.0689 | H92: =(F92-U92)/U92 | I92: 1449 | J92: 71.3611 | K92: =(I92-U92)/U92 | L92: 1443 | M92: 132.847 | N92: =(L92-U92)/U92 | O92: 1434 | P92: 740.08 | Q92: =(O92-U92)/U92 | R92: 1426 | S92: 1800.01 | T92: =(R92-U92)/U92 | U92: 1414 | V92: 675 | W92: 3600.12 | X92: =(U92-V92)/U92
A93: 20*10*10 | B93: wfjsp_10_1 | C93: 796 | D93: 12.9253 | E93: =(C93-U93)/U93 | F93: 790 | G93: 27.9412 | H93: =(F93-U93)/U93 | I93: 785 | J93: 68.6294 | K93: =(I93-U93)/U93 | L93: 782 | M93: 129.432 | N93: =(L93-U93)/U93 | O93: 772 | P93: 565.964 | Q93: =(O93-U93)/U93 | R93: 775 | S93: 1800.01 | T93: =(R93-U93)/U93 | U93: 781 | V93: 535 | W93: 3600.25 | X93: =(U93-V93)/U93
B94: wfjsp_10_2 | C94: 869 | D94: 16.3423 | E94: =(C94-U94)/U94 | F94: 868 | G94: 30.2115 | H94: =(F94-U94)/U94 | I94: 867 | J94: 59.4854 | K94: =(I94-U94)/U94 | L94: 852 | M94: 159.656 | N94: =(L94-U94)/U94 | O94: 855 | P94: 613.669 | Q94: =(O94-U94)/U94 | R94: 849 | S94: 1800.01 | T94: =(R94-U94)/U94 | U94: 836 | V94: 544 | W94: 3600.12 | X94: =(U94-V94)/U94
B95: wfjsp_10_3 | C95: 951 | D95: 18.9344 | E95: =(C95-U95)/U95 | F95: 948 | G95: 33.2227 | H95: =(F95-U95)/U95 | I95: 940 | J95: 76.7423 | K95: =(I95-U95)/U95 | L95: 926 | M95: 237.696 | N95: =(L95-U95)/U95 | O95: 921 | P95: 715.067 | Q95: =(O95-U95)/U95 | R95: 921 | S95: 1800.01 | T95: =(R95-U95)/U95 | U95: 923 | V95: 636 | W95: 3600.25 | X95: =(U95-V95)/U95
B96: wfjsp_10_4 | C96: 886 | D96: 16.42 | E96: =(C96-U96)/U96 | F96: 890 | G96: 33.8497 | H96: =(F96-U96)/U96 | I96: 879 | J96: 70.4121 | K96: =(I96-U96)/U96 | L96: 878 | M96: 186.545 | N96: =(L96-U96)/U96 | O96: 870 | P96: 678.398 | Q96: =(O96-U96)/U96 | R96: 868 | S96: 1800.01 | T96: =(R96-U96)/U96 | U96: 873 | V96: 560 | W96: 3600.12 | X96: =(U96-V96)/U96
B97: wfjsp_10_5 | C97: 756 | D97: 11.1514 | E97: =(C97-U97)/U97 | F97: 758 | G97: 19.5338 | H97: =(F97-U97)/U97 | I97: 739 | J97: 58.5485 | K97: =(I97-U97)/U97 | L97: 740 | M97: 129.685 | N97: =(L97-U97)/U97 | O97: 734 | P97: 554.713 | Q97: =(O97-U97)/U97 | R97: 729 | S97: 1800.01 | T97: =(R97-U97)/U97 | U97: 733 | V97: 558 | W97: 3600.12 | X97: =(U97-V97)/U97
B98: wfjsp_10_6 | C98: 931 | D98: 22.3716 | E98: =(C98-U98)/U98 | F98: 924 | G98: 34.4824 | H98: =(F98-U98)/U98 | I98: 916 | J98: 66.1032 | K98: =(I98-U98)/U98 | L98: 916 | M98: 115.008 | N98: =(L98-U98)/U98 | O98: 906 | P98: 511.016 | Q98: =(O98-U98)/U98 | R98: 907 | S98: 1800.01 | T98: =(R98-U98)/U98 | U98: 896 | V98: 550 | W98: 3600.12 | X98: =(U98-V98)/U98
B99: wfjsp_10_7 | C99: 849 | D99: 14.423 | E99: =(C99-U99)/U99 | F99: 835 | G99: 27.9457 | H99: =(F99-U99)/U99 | I99: 852 | J99: 58.1144 | K99: =(I99-U99)/U99 | L99: 838 | M99: 169.587 | N99: =(L99-U99)/U99 | O99: 835 | P99: 800.242 | Q99: =(O99-U99)/U99 | R99: 836 | S99: 1800.01 | T99: =(R99-U99)/U99 | U99: 819 | V99: 530 | W99: 3600.25 | X99: =(U99-V99)/U99
B100: wfjsp_10_8 | C100: 845 | D100: 12.5416 | E100: =(C100-U100)/U100 | F100: 842 | G100: 25.0836 | H100: =(F100-U100)/U100 | I100: 845 | J100: 46.8789 | K100: =(I100-U100)/U100 | L100: 844 | M100: 103.456 | N100: =(L100-U100)/U100 | O100: 832 | P100: 578.588 | Q100: =(O100-U100)/U100 | R100: 835 | S100: 1800 | T100: =(R100-U100)/U100 | U100: 824 | V100: 581 | W100: 3600.25 | X100: =(U100-V100)/U100
...

Sheet TS_lit
A1: Scale(Jobs,M,W) | B1: Instance | C1: TS_1000_2_5 | F1: TS_2000_5_5 | I1: TS_5000_5_5 | L1: TS_10000_10_5 | O1: TS_25000_15_10 | R1: TS_50000_30_20 | U1: CP (IBM CP optimizer, 1 h, HPC)
C2: UB | D2: CPU Time | E2: Dev CP | F2: UB | G2: CPU Time | H2: Dev CP | I2: UB | J2: CPU Time | K2: Dev CP | L2: UB | M2: CPU Time | N2: Dev CP | O2: UB | P2: CPU Time | Q2: Dev CP | R2: UB | S2: CPU Time | T2: Dev CP | U2: UB | V2: LB | W2: CPU Time | X2: Gap%
A3: 10*6*4 | B3: Mk01 | C3: 73 | D3: 1.95437 | E3: =(C3-U3)/U3 | F3: 72 | G3: 3.89451 | H3: =(F3-U3)/U3 | I3: 73 | J3: 8.93961 | K3: =(I3-U3)/U3 | L3: 73 | M3: 16.7982 | N3: =(L3-U3)/U3 | O3: 73 | P3: 75.6513 | Q3: =(O3-U3)/U3 | R3: 72 | S3: 345.222 | T3: =(R3-U3)/U3 | U3: 70 | V3: 40 | W3: 3600 | X3: =(U3-V3)/U3
B4: Mk02 | C4: 70 | D4: 4.812 | E4: =(C4-U4)/U4 | F4: 70 | G4: 6.86305 | H4: =(F4-U4)/U4 | I4: 69 | J4: 15.7412 | K4: =(I4-U4)/U4 | L4: 69 | M4: 33.1658 | N4: =(L4-U4)/U4 | O4: 69 | P4: 146.159 | Q4: =(O4-U4)/U4 | R4: 68 | S4: 650.731 | T4: =(R4-U4)/U4 | U4: 67 | V4: 36 | W4: 3600.62 | X4: =(U4-V4)/U4
A5: 15*8*6 | B5: Mk03 | C5: 238 | D5: 10.7487 | E5: =(C5-U5)/U5 | F5: 238 | G5: 18.6233 | H5: =(F5-U5)/U5 | I5: 238 | J5: 49.9003 | K5: =(I5-U5)/U5 | L5: 238 | M5: 104.337 | N5: =(L5-U5)/U5 | O5: 238 | P5: 361.981 | Q5: =(O5-U5)/U5 | R5: 238 | S5: 1326.11 | T5: =(R5-U5)/U5 | U5: 238 | V5: 93 | W5: 3600.25 | X5: =(U5-V5)/U5
B6: Mk04 | C6: 96 | D6: 3.80225 | E6: =(C6-U6)/U6 | F6: 97 | G6: 6.43973 | H6: =(F6-U6)/U6 | I6: 95 | J6: 13.9119 | K6: =(I6-U6)/U6 | L6: 95 | M6: 29.6892 | N6: =(L6-U6)/U6 | O6: 95 | P6: 157.444 | Q6: =(O6-U6)/U6 | R6: 94 | S6: 592.514 | T6: =(R6-U6)/U6 | U6: 95 | V6: 58 | W6: 3600 | X6: =(U6-V6)/U6
A7: 15*4*3 | B7: Mk05 | C7: 304 | D7: 12.2477 | E7: =(C7-U7)/U7 | F7: 304 | G7: 22.0436 | H7: =(F7-U7)/U7 | I7: 303 | J7: 36.8418 | K7: =(I7-U7)/U7 | L7: 303 | M7: 87.2624 | N7: =(L7-U7)/U7 | O7: 302 | P7: 385.823 | Q7: =(O7-U7)/U7 | R7: 301 | S7: 1478.68 | T7: =(R7-U7)/U7 | U7: 299 | V7: 84 | W7: 3600 | X7: =(U7-V7)/U7
A8: 10*15*8 | B8: Mk06 | C8: 112 | D8: 10.2912 | E8: =(C8-U8)/U8 | F8: 111 | G8: 16.8172 | H8: =(F8-U8)/U8 | I8: 109 | J8: 53.0804 | K8: =(I8-U8)/U8 | L8: 108 | M8: 81.9808 | N8: =(L8-U8)/U8 | O8: 107 | P8: 425.707 | Q8: =(O8-U8)/U8 | R8: 108 | S8: 1363.75 | T8: =(R8-U8)/U8 | U8: 109 | V8: 75 | W8: 3600.25 | X8: =(U8-V8)/U8
A9: 20*5*4 | B9: Mk07 | C9: 230 | D9: 12.561 | E9: =(C9-U9)/U9 | F9: 230 | G9: 26.2992 | H9: =(F9-U9)/U9 | I9: 228 | J9: 56.3726 | K9: =(I9-U9)/U9 | L9: 228 | M9: 109.084 | N9: =(L9-U9)/U9 | O9: 226 | P9: 407.139 | Q9: =(O9-U9)/U9 | R9: 226 | S9: 1800 | T9: =(R9-U9)/U9 | U9: 222 | V9: 61 | W9: 3600 | X9: =(U9-V9)/U9
A10: 20*10*6 | B10: Mk08 | C10: 624 | D10: 12.1096 | E10: =(C10-U10)/U10 | F10: 624 | G10: 19.6136 | H10: =(F10-U10)/U10 | I10: 624 | J10: 47.8912 | K10: =(I10-U10)/U10 | L10: 624 | M10: 80.9372 | N10: =(L10-U10)/U10 | O10: 624 | P10: 369.258 | Q10: =(O10-U10)/U10 | R10: 624 | S10: 1378.69 | T10: =(R10-U10)/U10 | U10: 624 | V10: 206 | W10: 3600 | X10: =(U10-V10)/U10
B11: Mk09 | C11: 484 | D11: 24.4786 | E11: =(C11-U11)/U11 | F11: 477 | G11: 46.9454 | H11: =(F11-U11)/U11 | I11: 477 | J11: 102.077 | K11: =(I11-U11)/U11 | L11: 476 | M11: 167.464 | N11: =(L11-U11)/U11 | O11: 476 | P11: 900.012 | Q11: =(O11-U11)/U11 | R11: 474 | S11: 1800.01 | T11: =(R11-U11)/U11 | U11: 479 | V11: 162 | W11: 3600.25 | X11: =(U11-V11)/U11
A12: 20*15*8 | B12: Mk10 | C12: 322 | D12: 28.7048 | E12: =(C12-U12)/U12 | F12: 319 | G12: 57.7223 | H12: =(F12-U12)/U12 | I12: 315 | J12: 122.654 | K12: =(I12-U12)/U12 | L12: 316 | M12: 245.844 | N12: =(L12-U12)/U12 | O12: 314 | P12: 900.011 | Q12: =(O12-U12)/U12 | R12: 314 | S12: 1800.01 | T12: =(R12-U12)/U12 | U12: 326 | V12: 218 | W12: 3601 | X12: =(U12-V12)/U12
A13: 10*5*4 | B13: Dauzere_01a | C13: 3010 | D13: 14.5852 | E13: =(C13-U13)/U13 | F13: 2968 | G13: 18.8989 | H13: =(F13-U13)/U13 | I13: 2968 | J13: 38.2424 | K13: =(I13-U13)/U13 | L13: 2968 | M13: 71.6465 | N13: =(L13-U13)/U13 | O13: 2967 | P13: 426.971 | Q13: =(O13-U13)/U13 | R13: 2963 | S13: 1744.74 | T13: =(R13-U13)/U13 | U13: 2921 | V13: 1442 | W13: 3600.06 | X13: =(U13-V13)/U13
B14: Dauzere_02a | C14: 2946 | D14: 14.7705 | E14: =(C14-U14)/U14 | F14: 2945 | G14: 31.6694 | H14: =(F14-U14)/U14 | I14: 2947 | J14: 64.3911 | K14: =(I14-U14)/U14 | L14: 2939 | M14: 119.741 | N14: =(L14-U14)/U14 | O14: 2931 | P14: 772.654 | Q14: =(O14-U14)/U14 | R14: 2934 | S14: 1800.01 | T14: =(R14-U14)/U14 | U14: 2914 | V14: 1441 | W14: 3600.12 | X14: =(U14-V14)/U14
B15: Dauzere_03a | C15: 2939 | D15: 27.2109 | E15: =(C15-U15)/U15 | F15: 2924 | G15: 55.6433 | H15: =(F15-U15)/U15 | I15: 2926 | J15: 109.793 | K15: =(I15-U15)/U15 | L15: 2931 | M15: 208.638 | N15: =(L15-U15)/U15 | O15: 2920 | P15: 900.01 | Q15: =(O15-U15)/U15 | R15: 2917 | S15: 1800.01 | T15: =(R15-U15)/U15 | U15: 2910 | V15: 1440 | W15: 3600.06 | X15: =(U15-V15)/U15
B16: Dauzere_04a | C16: 2990 | D16: 8.85781 | E16: =(C16-U16)/U16 | F16: 2979 | G16: 18.4868 | H16: =(F16-U16)/U16 | I16: 2965 | J16: 49.2568 | K16: =(I16-U16)/U16 | L16: 2956 | M16: 80.9012 | N16: =(L16-U16)/U16 | O16: 2954 | P16: 397.47 | Q16: =(O16-U16)/U16 | R16: 2948 | S16: 1573.71 | T16: =(R16-U16)/U16 | U16: 2911 | V16: 1423 | W16: 3600.19 | X16: =(U16-V16)/U16
B17: Dauzere_05a | C17: 2936 | D17: 11.287 | E17: =(C17-U17)/U17 | F17: 2914 | G17: 31.8053 | H17: =(F17-U17)/U17 | I17: 2918 | J17: 56.0444 | K17: =(I17-U17)/U17 | L17: 2911 | M17: 142.592 | N17: =(L17-U17)/U17 | O17: 2909 | P17: 618.775 | Q17: =(O17-U17)/U17 | R17: 2910 | S17: 1800.01 | T17: =(R17-U17)/U17 | U17: 2888 | V17: 1402 | W17: 3600 | X17: =(U17-V17)/U17
B18: Dauzere_06a | C18: 2912 | D18: 22.1196 | E18: =(C18-U18)/U18 | F18: 2888 | G18: 45.2519 | H18: =(F18-U18)/U18 | I18: 2894 | J18: 78.6871 | K18: =(I18-U18)/U18 | L18: 2887 | M18: 179.947 | N18: =(L18-U18)/U18 | O18: 2882 | P18: 900.009 | Q18: =(O18-U18)/U18 | R18: 2884 | S18: 1800.01 | T18: =(R18-U18)/U18 | U18: 2877 | V18: 1388 | W18: 3600.25 | X18: =(U18-V18)/U18
A19: 15*8*6 | B19: Dauzere_07a | C19: 3018 | D19: 25.0309 | E19: =(C19-U19)/U19 | F19: 2951 | G19: 52.1427 | H19: =(F19-U19)/U19 | I19: 2940 | J19: 111.891 | K19: =(I19-U19)/U19 | L19: 2940 | M19: 168.257 | N19: =(L19-U19)/U19 | O19: 2928 | P19: 572.161 | Q19: =(O19-U19)/U19 | R19: 2931 | S19: 1800.02 | T19: =(R19-U19)/U19 | U19: 2917 | V19: 1939 | W19: 3600.25 | X19: =(U19-V19)/U19
B20: Dauzere_08a | C20: 2909 | D20: 24.0382 | E20: =(C20-U20)/U20 | F20: 2896 | G20: 70.3888 | H20: =(F20-U20)/U20 | I20: 2894 | J20: 137.059 | K20: =(I20-U20)/U20 | L20: 2892 | M20: 274.85 | N20: =(L20-U20)/U20 | O20: 2888 | P20: 900.018 | Q20: =(O20-U20)/U20 | R20: 2887 | S20: 1800.02 | T20: =(R20-U20)/U20 | U20: 2883 | V20: 1440 | W20: 3600.19 | X20: =(U20-V20)/U20
B21: Dauzere_09a | C21: 2893 | D21: 75.3959 | E21: =(C21-U21)/U21 | F21: 2883 | G21: 99.4957 | H21: =(F21-U21)/U21 | I21: 2879 | J21: 223.914 | K21: =(I21-U21)/U21 | L21: 2878 | M21: 394.22 | N21: =(L21-U21)/U21 | O21: 2877 | P21: 900.02 | Q21: =(O21-U21)/U21 | R21: 2875 | S21: 1800.02 | T21: =(R21-U21)/U21 | U21: 2880 | V21: 1436 | W21: 3600.19 | X21: =(U21-V21)/U21
B22: Dauzere_10a | C22: 2974 | D22: 25.2959 | E22: =(C22-U22)/U22 | F22: 2973 | G22: 40.8946 | H22: =(F22-U22)/U22 | I22: 2958 | J22: 88.959 | K22: =(I22-U22)/U22 | L22: 2947 | M22: 183.024 | N22: =(L22-U22)/U22 | O22: 2930 | P22: 900.014 | Q22: =(O22-U22)/U22 | R22: 2930 | S22: 1800.01 | T22: =(R22-U22)/U22 | U22: 2922 | V22: 1898 | W22: 3600.25 | X22: =(U22-V22)/U22
B23: Dauzere_11a | C23: 2918 | D23: 30.1561 | E23: =(C23-U23)/U23 | F23: 2875 | G23: 84.2803 | H23: =(F23-U23)/U23 | I23: 2871 | J23: 205.676 | K23: =(I23-U23)/U23 | L23: 2879 | M23: 261.36 | N23: =(L23-U23)/U23 | O23: 2871 | P23: 900.019 | Q23: =(O23-U23)/U23 | R23: 2874 | S23: 1800.02 | T23: =(R23-U23)/U23 | U23: 2876 | V23: 1388 | W23: 3600.12 | X23: =(U23-V23)/U23
B24: Dauzere_12a | C24: 2860 | D24: 40.8204 | E24: =(C24-U24)/U24 | F24: 2850 | G24: 94.2461 | H24: =(F24-U24)/U24 | I24: 2832 | J24: 224.542 | K24: =(I24-U24)/U24 | L24: 2824 | M24: 510.869 | N24: =(L24-U24)/U24 | O24: 2820 | P24: 900.018 | Q24: =(O24-U24)/U24 | R24: 2824 | S24: 1800.02 | T24: =(R24-U24)/U24 | U24: 2840 | V24: 1357 | W24: 3600.12 | X24: =(U24-V24)/U24
B25: Average | C25: =AVERAGE(C3:C24) | D25: =AVERAGE(D3:D24) | E25: =AVERAGE(E3:E24) | F25: =AVERAGE(F3:F24) | G25: =AVERAGE(G3:G24) | H25: =AVERAGE(H3:H24) | I25: =AVERAGE(I3:I24) | J25: =AVERAGE(J3:J24) | ... X25: =AVERAGE(X3:X24)

Sheet FaF
A1: Set | B1: Instance | C1: CP (1 h, HPC) | D1: FaF (seeds 1-5) | I1: FaFM (seeds 1-5) | N1: FaFMJ (seeds 1-5) | S1: FaFMx2 (seeds 1-5) | X1: TS@FaF (seeds 1-5) | AC1: TS@FaFM (seeds 1-5) | AH1: TSN1@FaFM (seeds 1-5) | AM1: TSN1_2000_5_5 (seed 1) | AP1: TSN1_10000_10_5 (seed 1) | AS1: FaFMx3 (seeds 1-5)
C2: UB | D2: Mean UB | E2: Best UB | F2: Mean CPU Time | G2: Dev CP (mean) | H2: Dev CP (best) | I2: Mean UB | J2: Best UB | K2: Mean CPU Time | L2: Dev CP (mean) | M2: Dev CP (best) | N2: Mean UB | O2: Best UB | P2: Mean CPU Time | Q2: Dev CP (mean) | R2: Dev CP (best) | S2: Mean UB | T2: Best UB | U2: Mean CPU Time | V2: Dev CP (mean) | W2: Dev CP (best) | X2: Mean UB | Y2: Best UB | Z2: Mean CPU Time | AA2: Dev CP (mean) | AB2: Dev CP (best) | AC2: Mean UB | AD2: Best UB | AE2: Mean CPU Time | AF2: Dev CP (mean) | AG2: Dev CP (best) | AH2: Mean UB | AI2: Best UB | AJ2: Mean CPU Time | AK2: Dev CP (mean) | AL2: Dev CP (best) | AM2: UB | AN2: CPU Time | AO2: Dev CP | AP2: UB | AQ2: CPU Time | AR2: Dev CP | AS2: Mean UB | AT2: Best UB | AU2: Mean CPU Time | AV2: Dev CP (mean) | AW2: Dev CP (best)
A3: WFJSP1 | B3: wfjsp_1_1 | C3: 268 | D3: 273.2 | E3: 268 | F3: 0.08217758 | G3: =(D3-C3)/C3 | H3: =(E3-C3)/C3 | I3: 272 | J3: 268 | K3: 0.3951314 | L3: =(I3-C3)/C3 | M3: =(J3-C3)/C3 | N3: 278 | O3: 278 | P3: 1.0630564 | Q3: =(N3-C3)/C3 | R3: =(O3-C3)/C3 | S3: 276 | T3: 268 | U3: 1.405094 | V3: =(S3-C3)/C3 | W3: =(T3-C3)/C3 | X3: 270 | Y3: 268 | Z3: 0.0824473 | AA3: =(X3-C3)/C3 | AB3: =(Y3-C3)/C3 | AC3: 268 | AD3: 268 | AE3: 0.3953808 | AF3: =(AC3-C3)/C3 | AG3: =(AD3-C3)/C3 | AH3: 270.4 | AI3: 268 | AJ3: 0.3953364 | AK3: =(AH3-C3)/C3 | AL3: =(AI3-C3)/C3 | AM3: 273 | AN3: 0.293786 | AO3: =(AM3-C3)/C3 | AP3: 268 | AQ3: 1.48338 | AR3: =(AP3-C3)/C3 | AS3: 268 | AT3: 268 | AU3: 4.689042 | AV3: =(AS3-C3)/C3 | AW3: =(AT3-C3)/C3
A4: WFJSP1 | B4: wfjsp_1_2 | C4: 287 | D4: 287 | E4: 287 | F4: 0.0632387 | G4: =(D4-C4)/C4 | H4: =(E4-C4)/C4 | I4: 287 | J4: 287 | K4: 0.2668446 | L4: =(I4-C4)/C4 | M4: =(J4-C4)/C4 | N4: 287 | O4: 287 | P4: 0.9215518 | Q4: =(N4-C4)/C4 | R4: =(O4-C4)/C4 | S4: 287 | T4: 287 | U4: 1.0488946 | V4: =(S4-C4)/C4 | W4: =(T4-C4)/C4 | X4: 287 | Y4: 287 | Z4: 0.0634985 | AA4: =(X4-C4)/C4 | AB4: =(Y4-C4)/C4 | AC4: 287 | AD4: 287 | AE4: 0.2671036 | AF4: =(AC4-C4)/C4 | AG4: =(AD4-C4)/C4 | AH4: 287 | AI4: 287 | AJ4: 0.2670528 | AK4: =(AH4-C4)/C4 | AL4: =(AI4-C4)/C4 | AM4: 287 | AN4: 0.243336 | AO4: =(AM4-C4)/C4 | AP4: 287 | AQ4: 1.03146 | AR4: =(AP4-C4)/C4 | AS4: 287 | AT4: 287 | AU4: 2.549152 | AV4: =(AS4-C4)/C4 | AW4: =(AT4-C4)/C4
A5: WFJSP1 | B5: wfjsp_1_3 | C5: 347 | D5: 351.4 | E5: 347 | F5: 0.10085374 | G5: =(D5-C5)/C5 | H5: =(E5-C5)/C5 | I5: 347 | J5: 347 | K5: 0.3353428 | L5: =(I5-C5)/C5 | M5: =(J5-C5)/C5 | N5: 347 | O5: 347 | P5: 0.964065 | Q5: =(N5-C5)/C5 | R5: =(O5-C5)/C5 | S5: 347 | T5: 347 | U5: 1.19123 | V5: =(S5-C5)/C5 | W5: =(T5-C5)/C5 | X5: 355 | Y5: 347 | Z5: 0.10109056 | AA5: =(X5-C5)/C5 | AB5: =(Y5-C5)/C5 | AC5: 347.6 | AD5: 347 | AE5: 0.335564 | AF5: =(AC5-C5)/C5 | AG5: =(AD5-C5)/C5 | AH5: 351.8 | AI5: 347 | AJ5: 0.3355288 | AK5: =(AH5-C5)/C5 | AL5: =(AI5-C5)/C5 | AM5: 350 | AN5: 0.262119 | AO5: =(AM5-C5)/C5 | AP5: 347 | AQ5: 1.6226 | AR5: =(AP5-C5)/C5 | AS5: 347 | AT5: 347 | AU5: 2.742074 | AV5: =(AS5-C5)/C5 | AW5: =(AT5-C5)/C5
A6: WFJSP1 | B6: wfjsp_1_4 | C6: 315 | D6: 317 | E6: 315 | F6: 0.0637288 | G6: =(D6-C6)/C6 | H6: =(E6-C6)/C6 | I6: 315.8 | J6: 315 | K6: 0.4540544 | L6: =(I6-C6)/C6 | M6: =(J6-C6)/C6 | N6: 327 | O6: 327 | P6: 1.104752 | Q6: =(N6-C6)/C6 | R6: =(O6-C6)/C6 | S6: 315.2 | T6: 315 | U6: 1.603784 | V6: =(S6-C6)/C6 | W6: =(T6-C6)/C6 | X6: 316.6 | Y6: 315 | Z6: 0.06402666 | AA6: =(X6-C6)/C6 | AB6: =(Y6-C6)/C6 | AC6: 315 | AD6: 315 | AE6: 0.4543324 | AF6: =(AC6-C6)/C6 | AG6: =(AD6-C6)/C6 | AH6: 316.2 | AI6: 316 | AJ6: 0.4542756 | AK6: =(AH6-C6)/C6 | AL6: =(AI6-C6)/C6 | AM6: 319 | AN6: 0.200478 | AO6: =(AM6-C6)/C6 | AP6: 316 | AQ6: 1.68324 | AR6: =(AP6-C6)/C6 | AS6: 315 | AT6: 315 | AU6: 4.46452 | AV6: =(AS6-C6)/C6 | AW6: =(AT6-C6)/C6
